#,SRC,Cal Tag,RA,Dec
0,0000-177,radec gaincal,00:03:22.1,-17:27:14
2,0022+002,radec gaincal,00:22:25.43,+00:14:56.16
3,0023-263,radec gaincal,00:25:49.15625,-26:02:12.6168
4,0024-420,radec gaincal,00:24:42.99,-42:02:03.95
5,0106+013,radec gaincal,01:08:38.8,+01:35:00
6,0131-522,radec gaincal,01:33:05.76,-52:00:03.94
7,0220-019,radec gaincal,02:20:54.28,-01:56:51.8
8,0240-231,radec gaincal,02:40:08.17,-23:09:15.73
10,0302-623,radec gaincal,03:03:50.632,-62:11:25.55
11,0332-403,radec gaincal,03:34:13.65,-40:08:25.40
12,0403-132,radec gaincal,04:05:34,-13:08:14
13,0431+206,radec gaincal,04:31:03.7620,20:37:34.250
15,0530+135,radec gaincal,05:30:56.417,13:31:55.150
16,0538-440,radec gaincal,05:38:50,-44:05:09.
18,0607-085,radec gaincal,06:07:59.699,-08:34:49.978
19,0637-752,radec gaincal,06:35:46.51,-75:16:16.81
20,0805-077,radec gaincal,08:08:15.536036,-07:51:09.886340
21,0823+031,radec gaincal,08:25:50.34,03:09:24.52
22,0828-375,radec gaincal,08:28:04.78,-37:31:06.28
23,0858+141,radec gaincal,08:58:41.55,14:09:44.63
25,0943-0819,radec gaincal,09:43:36.86,-08:19:32.0
26,1005+077,radec gaincal,10:08:00,+07:30:17
27,1018-317,radec gaincal,10:18:09.2675,-31:44:13.983
28,1021+2159,radec gaincal,10:21:54.529,21:59:30.440
29,1039-47,radec gaincal,10:41:44.65,-47:40:00.06
30,1049-53,radec gaincal,10:51:09.09981,-53:44:46.5397
31,1059-63,radec gaincal,11:01:54.38,-63:25:22.60
32,1130-1449,radec gaincal,11:30:07,-14:49:27
33,1143+221,radec gaincal,11:43:25.09,+22:06:56.07
34,1148-001,radec gaincal,11:50:43.87,-00:23:54.20
35,1151-348,radec gaincal,11:54:21.787,-35:05:29.0763
36,1254+116,radec gaincal,12:54:38.256,11:41:05.89
37,1311-222,radec gaincal,13:11:39.3347,-22:16:41.748
38,1315-46,radec gaincal,14:24:32.23734,-49:13:49.7437
39,1329-665,radec gaincal,13:32:37.53,-66:46:50.35
40,1352-63,radec gaincal,13:55:46.63,-63:26:42.62
41,1353-59,radec gaincal,13:53:41.8,-59:37:28.3
42,1421-490,radec gaincal,13:18:30.064,-46:20:34.90
44,1510-0543,radec gaincal,15:10:53.59,-05:43:07.4
45,1549+214,radec gaincal,15:49:49.02,+21:25:38.86
46,1600-44,radec gaincal,16:04:31.02,-44:41:31.97
47,1609+266,radec gaincal,16:09:13.32,+26:41:29.03
48,1613-586,radec gaincal,16:17:17.88951,-58:48:07.8604
49,1709-281,radec gaincal,17:12:57.0055,-28:09:33.056
50,1722-55,radec gaincal,17:26:49.615,-55:29:40.60
51,1730-130,radec gaincal,17:33:02.705790,-13:04:49.548230
52,1818-111,radec gaincal,18:18:19.32,-11:08:48.3
53,1830-210,radec gaincal,18:33:40,-21:03:40
54,1938-155,radec gaincal,19:41:15,-15:24:31
55,2117-642,radec gaincal,21:21:55.02,-64:04:30.04
56,2134-470,radec gaincal,21:38:01.06,-46:46:40.06
57,2134+004,radec gaincal,21:36:38.586323,00:41:54.2140310
58,2146-133,radec gaincal,21:49:28.65,-13:04:25.16
59,2148+069,radec gaincal,21:48:05,06:57:39
60,2205-636,radec gaincal,22:08:47.24,-63:25:47.49
61,3C123,radec gaincal,04:37:04.38,+29:40:13.8
62,3C2,radec gaincal,00:06:22.63,-00:04:24.09
64,3C273|1229+020,radec gaincal,12:29:06.699729,02:03:08.598190
65,3C274,radec gaincal,12:30:49.42,+12:23:28.0
66,3C348,radec gaincal,16:51:08.15,+04:59:33.3
67,3C353,radec gaincal,17:20:28.15,-00:58:46.8
68,3C405,radec gaincal,19:59:28.36,+40:44:02.1
69,3C444,radec gaincal,22:14:25.60,-17:01:34.0
70,3C446,radec gaincal,22:25:47.26,-04:57:01.6
71,3C454.3,radec gaincal,22:53:57.7479,16:08:53.560
72,3C8,radec gaincal,00:18:51.40,-12:42:33.21
73,B0252-712,radec gaincal,02:52:46.157,-71:04:35.28
74,B0823-500,radec gaincal,08:25:26.869,-50:10:38.49
75,B1127-145,radec gaincal,11:30:07.0525,-14:49:27.388
76,B1345+125,radec gaincal,13:47:33.361668,12:17:24.2383460
77,B1733-565,radec gaincal,17:37:35.79,-56:34:03.2
78,Cal10_0841-76,radec gaincal,08:41:26,-75:40:31
79,Cal4_0409-75,radec gaincal,04:08:48,-75:07:20
80,Cal6_0523-36,radec gaincal,05:22:57,-36:27:31
81,1934-638,radec gaincal,19:39:25.026,-63:42:45.63
83,CTA21,radec gaincal,03:18:57.80,16:28:32.71
84,CTD93,radec gaincal,16:09:13.320853,26:41:29.0378000
85,GC2244-372,radec gaincal,22:47:04,-36:57:46
86,J000322-172711,radec gaincal,00:03:22.000,-17:27:11.400
87,J000613-062335,radec gaincal,00:06:13.870,-6:23:35.200
88,J0010-4153,radec gaincal,00:10:52.52,-41:53:10.8
89,J001524-380435,radec gaincal,00:15:24.350,-38:04:34.800
90,J001859-102254,radec gaincal,00:18:59.580,-10:22:54.000
91,J002225+001456,radec gaincal,00:22:25.420,+00:14:56.200
92,J002430-292848,radec gaincal,00:24:30.120,-29:28:48.900
93,J002549-260212,radec gaincal,00:25:49.170,-26:02:12.800
94,J002613-200457,radec gaincal,00:26:13.980,-20:04:57.700
95,J003704-010909,radec gaincal,00:37:04.060,-01:09:9.400
96,J003826-385947,radec gaincal,00:38:26.890,-38:59:46.200
98,J004208-441400,radec gaincal,00:42:08.980,-44:14:0.500
99,J004441-353033,radec gaincal,00:44:41.470,-35:30:32.800
100,J004619-420815,radec gaincal,00:46:19.810,-42:08:15.300
101,J004945-024257,radec gaincal,00:49:45.050,-2:42:57.700
102,J005905+000651,radec gaincal,00:59:05.530,+00:06:51.500
103,J010422-123515,radec gaincal,01:04:22.490,-12:35:15.600
104,J010509-381059,radec gaincal,01:05:09.330,-38:10:57.200
105,J010838+013458,radec gaincal,01:08:38.750,+1:34:58.900
106,J011109-135745,radec gaincal,01:11:09.190,-13:57:45.900
107,J011517-012705,radec gaincal,01:15:17.100,-1:27:5.900
108,J011612-113614,radec gaincal,01:16:12.460,-11:36:14.900
109,J011815-255147,radec gaincal,01:18:15.770,-25:51:47.900
110,J011834-184914,radec gaincal,01:18:34.260,-18:49:14.900
111,J012227-042127,radec gaincal,01:22:27.920,-4:21:27.500
112,J012709-810815,radec gaincal,01:27:09.750,-81:08:15.200
113,J012730-140257,radec gaincal,01:27:30.240,-14:02:57.100
114,J013028-261000,radec gaincal,01:30:28.080,-26:10:0.300
115,J013738-243054,radec gaincal,01:37:38.090,-24:30:54.400
116,J014127-270607,radec gaincal,01:41:27.170,-27:06:7.600
117,J015310-331024,radec gaincal,01:53:10.120,-33:10:25.300
118,J015647-361609,radec gaincal,01:56:47.530,-36:16:8.300
119,J015741-104340,radec gaincal,01:57:41.600,-10:43:40.700
120,J020012-305325,radec gaincal,02:00:12.150,-30:53:26.500
121,J0201-1132,radec gaincal,02:01:57.16,-11:32:33.13
123,J0203-4349,radec gaincal,02:03:40.75,-43:49:50.9
124,J020457-170119,radec gaincal,02:04:57.680,-17:01:19.400
125,J021046-510102,radec gaincal,02:10:46.080,-51:01:2.200
126,J021757-163110,radec gaincal,02:17:57.150,-16:31:10.400
127,J022054-015651,radec gaincal,02:20:54.280,-1:56:51.800
128,J022502-231247,radec gaincal,02:25:02.610,-23:12:47.600
129,J022508-003531,radec gaincal,02:25:08.080,-0:35:31.800
130,J023253-064553,radec gaincal,02:32:53.910,-6:45:53.200
131,J023324-232105,radec gaincal,02:33:24.740,-23:21:5.400
132,J023507-040205,radec gaincal,02:35:07.030,-4:02:5.100
133,J023743-193235,radec gaincal,02:37:43.780,-19:32:35.400
134,J0240-2309,radec gaincal,02:40:08.174568,-23:09:15.7305450
135,J024008-230916,radec gaincal,02:40:08.140,-23:09:16.000
136,J0252-712,radec gaincal,02:52:46.15240,-71:04:35.2565
137,J025246-710436,radec gaincal,02:52:46.310,-71:04:36.200
138,J030313-001459,radec gaincal,03:03:13.050,-0:14:59.800
139,J030350-621125,radec gaincal,03:03:50.810,-62:11:25.400
140,J030455-355650,radec gaincal,03:04:56.110,-35:56:47.400
141,J030919-103839,radec gaincal,03:09:19.940,-10:38:39.500
142,J031522-031646,radec gaincal,03:15:22.780,-3:16:46.200
143,J031857+162833,radec gaincal,03:18:57.770,+16:28:33.100
144,J032320+053411,radec gaincal,03:23:20.310,+5:34:11.900
145,J032836-284147,radec gaincal,03:28:36.530,-28:41:47.900
146,J033004-163848,radec gaincal,03:30:04.830,-16:38:48.600
147,J033930-014635,radec gaincal,03:39:30.940,-1:46:35.800
148,J034035-211931,radec gaincal,03:40:35.620,-21:19:31.700
149,J034205-370321,radec gaincal,03:42:05.400,-37:03:20.900
150,J035145-274313,radec gaincal,03:51:35.80,-27:44:33.0
151,J035232-071104,radec gaincal,03:52:32.040,-7:11:4.400
152,J035946-370025,radec gaincal,03:59:46.680,-37:00:25.900
153,J040016-161013,radec gaincal,04:00:16.510,-16:10:13.600
155,J040533-130814,radec gaincal,04:05:33.940,-13:08:14.400
156,J040748-121133,radec gaincal,04:07:48.440,-12:11:33.400
157,J0408-6545,radec gaincal,04:08:20.380186,-65:45:09.0784890
159,J040848-750720,radec gaincal,04:08:48.470,-75:07:20.000
160,J040906-175709,radec gaincal,04:09:06.680,-17:57:9.400
161,J041222-005932,radec gaincal,04:12:22.630,-0:59:32.600
162,J041509-292906,radec gaincal,04:15:09.230,-29:29:6.000
163,J041604-205627,radec gaincal,04:16:04.330,-20:56:27.900
164,J041946-395005,radec gaincal,04:19:47.000,-39:50:3.700
165,J042056-622337,radec gaincal,04:20:56.190,-62:23:37.600
166,J042315-012032,radec gaincal,04:23:15.800,-1:20:32.400
167,J042346-340240,radec gaincal,04:23:46.880,-34:02:41.500
168,J042940-363055,radec gaincal,04:29:40.220,-36:30:56.000
169,J043300-295616,radec gaincal,04:33:00.380,-29:56:13.000
170,J043704+294014,radec gaincal,04:37:04.570,+29:40:14.200
171,J043736-295406,radec gaincal,04:37:36.590,-29:54:5.300
172,J044017-433309,radec gaincal,04:40:17.070,-43:33:9.000
173,J045314-280736,radec gaincal,04:53:14.670,-28:07:36.600
174,J045514-300642,radec gaincal,04:55:14.310,-30:06:47.200
175,J045550-461559,radec gaincal,04:55:50.540,-46:15:59.800
176,J051011-121045,radec gaincal,05:10:11.690,-12:10:45.500
177,J051100-220156,radec gaincal,05:11:00.630,-22:01:56.700
178,J051329-303015,radec gaincal,05:13:28.490,-30:30:33.800
179,J0521-2047,radec gaincal,05:21:38,-20:47:39
180,J052149-061251,radec gaincal,05:21:49.550,-6:12:51.400
181,J052257-362731,radec gaincal,05:22:58.030,-36:27:30.000
182,J053444+192721,radec gaincal,05:34:44.510,+19:27:21.700
184,J053850-440510,radec gaincal,05:38:50.180,-44:05:10.300
185,J055049-314426,radec gaincal,05:50:49.680,-31:44:26.100
186,J055615-322309,radec gaincal,05:56:15.460,-32:23:7.000
187,J060414-315555,radec gaincal,06:04:14.630,-31:55:56.600
188,J060759-083450,radec gaincal,06:07:59.740,-8:34:50.200
189,J060941-154240,radec gaincal,06:09:41.000,-15:42:40.500
190,J062032-251516,radec gaincal,06:20:32.140,-25:15:16.500
191,J062627-164035,radec gaincal,06:26:27.350,-16:40:35.300
192,J062710-055306,radec gaincal,06:27:10.060,-5:53:6.100
194,J063545-751615,radec gaincal,06:35:45.050,-75:16:15.300
195,J064544-155015,radec gaincal,06:45:44.270,-15:50:15.800
196,J0647-475,radec gaincal,06:48:48.45,-47:34:27.19
197,J064828-174405,radec gaincal,06:48:28.520,-17:44:5.000
198,J065717-320333,radec gaincal,06:57:16.480,-32:03:32.300
199,J070319-005102,radec gaincal,07:03:19.130,-0:51:2.400
200,J071020-034326,radec gaincal,07:10:20.130,-3:43:26.900
201,J071546-023101,radec gaincal,07:15:46.950,-2:31:1.300
202,J071717-250453,radec gaincal,07:17:17.630,-25:04:53.100
203,J072121-120532,radec gaincal,07:21:21.160,-12:05:32.700
204,J072550-005458,radec gaincal,07:25:50.680,-0:54:58.000
205,J073019-114112,radec gaincal,07:30:19.150,-11:41:12.300
206,J073042-262035,radec gaincal,07:30:42.230,-26:20:35.600
207,J073106-234148,radec gaincal,07:31:06.660,-23:41:48.500
208,J073545-173548,radec gaincal,07:35:45.840,-17:35:48.300
209,J073833-020421,radec gaincal,07:38:33.910,-2:04:21.100
210,J0743-6726,radec gaincal,07:43:31,-67:26:26
211,J0744-0629,radec gaincal,07:44:21.66,-06:29:35.9
212,J075130-385220,radec gaincal,07:51:30.330,-38:52:20.000
213,J075711-113756,radec gaincal,07:57:11.030,-11:37:56.600
214,J082057-125858,radec gaincal,08:20:57.480,-12:58:58.600
215,J082514-284705,radec gaincal,08:25:14.240,-28:47:5.500
216,J082606-353247,radec gaincal,08:26:06.540,-35:32:47.600
217,J082717-202622,radec gaincal,08:27:17.310,-20:26:22.900
218,J083711-195155,radec gaincal,08:37:11.230,-19:51:55.900
219,J084126-754031,radec gaincal,08:41:26.190,-75:40:31.100
220,J084649-294244,radec gaincal,08:46:49.030,-29:42:44.100
221,J085300-204726,radec gaincal,08:53:00.270,-20:47:26.300
222,J085348-142751,radec gaincal,08:53:48.920,-14:27:51.800
223,J085448+200630,radec gaincal,08:54:48.870,+20:06:30.700
224,J085711-033940,radec gaincal,08:57:11.670,-3:39:40.400
225,J085805-195036,radec gaincal,08:58:05.370,-19:50:36.200
226,J085938-192225,radec gaincal,08:59:38.650,-19:22:25.800
227,J090147-255519,radec gaincal,09:01:47.610,-25:55:19.400
228,J090216-141530,radec gaincal,09:02:16.850,-14:15:30.400
229,J090652-682939,radec gaincal,09:06:52.230,-68:29:39.900
230,J092129-261843,radec gaincal,09:21:29.350,-26:18:43.000
231,J092246-395934,radec gaincal,09:22:46.360,-39:59:34.000
232,J094336-081932,radec gaincal,09:43:36.860,-8:19:32.000
233,J102011-324534,radec gaincal,10:20:11.690,-32:45:34.800
234,J105104-313813,radec gaincal,10:51:04.750,-31:38:14.100
235,J105132-202347,radec gaincal,10:51:32.110,-20:23:47.900
236,J105533-283133,radec gaincal,10:55:33.480,-28:31:33.700
237,J105709-371830,radec gaincal,10:57:09.560,-37:18:30.400
238,J105829+013358,radec gaincal,10:58:29.620,+1:33:58.200
239,J110203-011618,radec gaincal,11:02:03.910,-1:16:18.300
240,J110622-210900,radec gaincal,11:06:22.180,-21:09:0.800
241,J110631-005251,radec gaincal,11:06:31.770,-0:52:51.500
242,J110708-444907,radec gaincal,11:07:08.560,-44:49:7.400
243,J111332-021255,radec gaincal,11:13:32.130,-2:12:55.200
244,J111917-052707,radec gaincal,11:19:17.360,-5:27:7.900
245,J112009-250807,radec gaincal,11:20:09.140,-25:08:7.200
246,J113007-144927,radec gaincal,11:30:07.050,-14:49:27.200
247,J113910-135042,radec gaincal,11:39:10.690,-13:50:42.900
248,J114134-285052,radec gaincal,11:41:34.540,-28:50:52.100
249,J114628-332840,radec gaincal,11:46:28.530,-33:28:43.200
250,J115043-002354,radec gaincal,11:50:43.880,-0:23:54.300
251,J115421-350532,radec gaincal,11:54:21.760,-35:05:29.400
252,J120533-263408,radec gaincal,12:05:33.070,-26:34:8.600
253,J121546-173146,radec gaincal,12:15:46.840,-17:31:46.200
254,J1218-4600,radec gaincal,12:18:06.250790,-46:00:28.9999260
255,J122845-212614,radec gaincal,12:28:45.640,-21:26:14.800
256,J122906+020305,radec gaincal,12:29:06.410,+2:03:5.100
257,J123049+122321,radec gaincal,12:30:49.460,+12:23:21.600
258,J123943-102328,radec gaincal,12:39:43.040,-10:23:28.600
259,J124312-211212,radec gaincal,12:43:12.240,-21:12:12.700
260,J124646-254748,radec gaincal,12:46:46.900,-25:47:48.200
261,J124823-195918,radec gaincal,12:48:23.980,-19:59:18.600
262,J125611-054720,radec gaincal,12:56:11.150,-5:47:20.100
263,J125720-333437,radec gaincal,12:57:20.710,-33:34:41.300
264,J125758-315516,radec gaincal,12:57:59.090,-31:55:15.300
265,J130100-322629,radec gaincal,13:01:00.530,-32:26:27.800
266,J130949-001236,radec gaincal,13:09:49.660,-0:12:36.600
267,J132738-020311,radec gaincal,13:27:38.260,-2:03:11.200
268,J133007-214204,radec gaincal,13:30:07.180,-21:42:4.500
269,J133037+250911,radec gaincal,13:30:37.690,+25:09:11.000
270,J133231-255949,radec gaincal,13:32:31.950,-25:59:49.900
271,J133739-125724,radec gaincal,13:37:39.830,-12:57:24.600
272,J133808-062711,radec gaincal,13:38:08.070,-6:27:11.200
273,J134354-373353,radec gaincal,13:43:54.500,-37:33:53.500
274,J134503-314012,radec gaincal,13:45:03.890,-31:40:15.100
275,J134537-005706,radec gaincal,13:45:37.400,-0:57:6.900
276,J135702-140542,radec gaincal,13:57:02.140,-14:05:42.500
277,J140649-015417,radec gaincal,14:06:49.110,-1:54:17.000
278,J141348-055954,radec gaincal,14:13:48.340,-5:59:54.200
279,J141949-192835,radec gaincal,14:19:49.650,-19:28:35.100
280,J142336-181613,radec gaincal,14:23:36.280,-18:16:13.700
281,J1424-4913,radec gaincal,14:24:32.28877,-49:13:50.0425
282,J142432-491350,radec gaincal,14:24:32.080,-49:13:50.700
283,J142558-175642,radec gaincal,14:25:58.030,-17:56:42.200
284,J142756-420618,radec gaincal,14:27:56.220,-42:06:18.600
285,J143257-180134,radec gaincal,14:32:57.770,-18:01:34.200
286,J145423-192505,radec gaincal,14:54:23.430,-19:25:5.400
287,J145432-401230,radec gaincal,14:54:32.870,-40:12:33.000
288,J145915-365548,radec gaincal,14:59:15.810,-36:55:47.600
289,J150704-165230,radec gaincal,15:07:04.800,-16:52:30.200
290,J151053-054307,radec gaincal,15:10:53.550,-5:43:7.100
291,J151155-304503,radec gaincal,15:11:55.740,-30:45:3.000
292,J151250-090600,radec gaincal,15:12:50.540,-9:06:0.900
294,J151741-242220,radec gaincal,15:17:41.850,-24:22:20.000
295,J152237-273010,radec gaincal,15:22:37.710,-27:30:10.500
296,J153353-333711,radec gaincal,15:33:53.410,-33:37:13.000
297,J154402-335228,radec gaincal,15:44:02.880,-33:52:30.700
298,J154403-133056,radec gaincal,15:44:03.080,-13:30:56.400
299,J155035+052710,radec gaincal,15:50:35.260,+05:27:10.600
300,J160502-173415,radec gaincal,16:05:02.120,-17:34:15.900
301,J160512-285908,radec gaincal,16:05:12.500,-28:59:8.400
302,J160913+264129,radec gaincal,16:09:13.310,+26:41:29.200
303,J161317-213407,radec gaincal,16:13:17.390,-21:34:7.100
304,J162019-111332,radec gaincal,16:20:19.800,-11:13:32.300
305,J162100-234203,radec gaincal,16:21:00.120,-23:42:3.700
306,J162418-680911,radec gaincal,16:24:18.520,-68:09:11.400
307,J162546-252739,radec gaincal,16:25:46.930,-25:27:39.100
308,J164349-152623,radec gaincal,16:43:49.150,-15:26:23.600
309,J170241-774158,radec gaincal,17:02:41.410,-77:41:58.100
310,J170541-321924,radec gaincal,17:05:41.500,-32:19:24.800
311,J1712-2809,radec gaincal,17:12:57.01,-28:09:33.6
312,J171257-280935,radec gaincal,17:12:57.300,-28:09:35.800
313,J1713-2658,radec gaincal,17:13:31.2756,-26:58:52.523
314,J171350-322612,radec gaincal,17:13:50.810,-32:26:12.800
315,J1720-358,radec gaincal,17:20:21.8042,-35:52:47.708
316,J1722-55,radec gaincal,17:26:49.615,-55:29:40.60
317,J172341-650036,radec gaincal,17:23:41.060,-65:00:36.100
318,J1726-5529,radec gaincal,17:26:49.62,-55:29:40.5
319,J172649-552938,radec gaincal,17:26:49.700,-55:29:38.000
320,J173302-130449,radec gaincal,17:33:02.660,-13:04:49.100
321,J173508-091638,radec gaincal,17:35:08.320,-9:16:38.300
322,J1744-5144,radec gaincal,17:44:25.450619,-51:44:43.79199
323,J174425-514443,radec gaincal,17:44:25.470,-51:44:43.100
324,J174527-075304,radec gaincal,17:45:27.100,-7:53:4.000
325,J175841-161645,radec gaincal,17:58:41.680,-16:16:45.100
326,J175906-594658,radec gaincal,17:59:06.260,-59:46:58.900
327,J180242-394005,radec gaincal,18:02:42.730,-39:40:5.800
328,J180249-020740,radec gaincal,18:02:49.880,-2:07:40.300
329,J1818-5158,radec gaincal,18:18:06,-51:58:09
330,J181935-634548,radec gaincal,18:19:35.040,-63:45:48.600
331,J182035-390929,radec gaincal,18:20:35.460,-39:09:28.800
332,J182228-093857,radec gaincal,18:22:28.700,-9:38:57.100
333,J182319-272627,radec gaincal,18:23:19.550,-27:26:27.600
334,J182457-324259,radec gaincal,18:24:57.340,-32:42:59.600
335,J1830-3602,radec gaincal,18:30:57,-36:02:28
336,J183058-360230,radec gaincal,18:30:58.970,-36:02:31.700
337,J183333-103405,radec gaincal,18:33:33.460,-10:34:5.500
338,J183728-710843,radec gaincal,18:37:28.450,-71:08:43.900
339,J185710-301945,radec gaincal,18:57:10.620,-30:19:41.300
340,J190239-270547,radec gaincal,19:02:39.130,-27:05:47.400
341,J190249-232952,radec gaincal,19:02:49.320,-23:29:52.600
342,J1910+052,radec gaincal,19:12:54.3036,+05:18:01.002
343,J191109-200655,radec gaincal,19:11:09.690,-20:06:55.500
344,J191157-054820,radec gaincal,19:11:57.490,-5:48:20.200
345,J191239-801006,radec gaincal,19:12:39.850,-80:10:6.800
346,J192155-352639,radec gaincal,19:21:55.210,-35:26:41.500
347,J1922+0841,radec gaincal,19:22:18.63365,+08:41:57.3733
348,J192330-074137,radec gaincal,19:23:30.820,-7:41:37.100
349,J192332-210433,radec gaincal,19:23:32.200,-21:04:33.700
350,J192451-291431,radec gaincal,19:24:51.110,-29:14:31.000
351,J193135-140559,radec gaincal,19:31:35.560,-14:05:59.500
352,J193557-462043,radec gaincal,19:35:57.150,-46:20:43.100
353,J193654-002157,radec gaincal,19:36:54.100,-0:21:57.900
354,J194013-225955,radec gaincal,19:40:13.690,-22:59:55.000
355,J194114-152431,radec gaincal,19:41:14.970,-15:24:31.300
356,J195123-273720,radec gaincal,19:51:23.260,-27:37:20.500
357,J195759-384505,radec gaincal,19:57:59.800,-38:45:7.000
358,J200756-101638,radec gaincal,20:07:56.810,-10:16:38.400
359,J200925-484953,radec gaincal,20:09:25.100,-48:49:53.900
360,J201427+233452,radec gaincal,20:14:27.580,+23:34:52.900
361,J202807-152120,radec gaincal,20:28:07.230,-15:21:20.900
362,J203316-225320,radec gaincal,20:33:16.600,-22:53:20.900
363,J203547-345403,radec gaincal,20:35:47.610,-34:54:1.100
364,J2040-5735,radec gaincal,20:40:01.1,-57:35:09.65
365,J205616-471448,radec gaincal,20:56:16.220,-47:14:48.100
366,J210336-274920,radec gaincal,21:03:36.230,-27:49:20.700
367,J2107-2526,radec gaincal,21:07:21,-25:26:48
368,J210933-411021,radec gaincal,21:09:33.120,-41:10:21.200
369,J211001-102058,radec gaincal,21:10:01.030,-10:20:58.100
370,J211440-254148,radec gaincal,21:14:40.120,-25:41:48.700
371,J211636-205551,radec gaincal,21:16:36.300,-20:55:51.900
372,J211810-301916,radec gaincal,21:18:10.690,-30:19:15.100
373,J212344+250410,radec gaincal,21:23:44.590,+25:04:10.800
374,J212921-182122,radec gaincal,21:29:21.410,-18:21:22.900
375,J2131-2036,radec gaincal,21:31:01,-20:36:56
376,J213101-203656,radec gaincal,21:31:01.520,-20:36:56.100
377,J213135-120706,radec gaincal,21:31:35.260,-12:07:6.200
378,J213410-015317,radec gaincal,21:34:10.310,-1:53:17.000
380,J213638+004154,radec gaincal,21:36:38.570,+0:41:54.500
381,J213713-275457,radec gaincal,21:37:13.530,-27:54:57.000
382,J2138-4646,radec gaincal,21:38:01,-46:46:40
383,J214703-174011,radec gaincal,21:47:03.280,-17:40:11.000
384,J214805+065739,radec gaincal,21:48:05.480,+6:57:39.400
385,J215151-194606,radec gaincal,21:51:51.000,-19:46:6.000
386,J215155-302754,radec gaincal,21:51:55.540,-30:27:53.600
387,J215203-282829,radec gaincal,21:52:03.780,-28:28:29.000
388,J215806-150109,radec gaincal,21:58:06.300,-15:01:9.100
389,J220610-183539,radec gaincal,22:06:10.330,-18:35:39.000
390,J221124-132810,radec gaincal,22:11:24.180,-13:28:10.100
391,J221426-170220,radec gaincal,22:14:26.040,-17:02:20.400
392,J221811-302400,radec gaincal,22:18:11.100,-30:24:0.300
393,J221942-275626,radec gaincal,22:19:42.570,-27:56:26.100
394,J222547-045701,radec gaincal,22:25:47.280,-4:57:1.900
395,J222946-382359,radec gaincal,22:29:46.860,-38:23:58.000
396,J223236+114350,radec gaincal,22:32:36.420,+11:43:50.400
397,J223746-114543,radec gaincal,22:37:46.680,-11:45:43.700
398,J224326-254430,radec gaincal,22:43:26.380,-25:44:30.300
399,J224618-120652,radec gaincal,22:46:18.280,-12:06:52.000
400,J224703-365747,radec gaincal,22:47:03.920,-36:57:44.000
401,J225357+160853,radec gaincal,22:53:57.700,+16:08:53.400
402,J225805-275819,radec gaincal,22:58:05.950,-27:58:19.400
403,J231007-275751,radec gaincal,23:10:07.400,-27:57:51.600
404,J231622-115714,radec gaincal,23:16:22.710,-11:57:14.300
405,J231634-140905,radec gaincal,23:16:34.840,-14:09:5.800
406,J231953-365627,radec gaincal,23:19:53.530,-36:56:27.800
407,J232654-020210,radec gaincal,23:26:54.470,-2:02:10.300
408,J2329-4730,radec gaincal,23:29:17.70,-47:30:19.1
409,J232917-473019,radec gaincal,23:29:17.740,-47:30:19.200
410,J232933-192305,radec gaincal,23:29:33.740,-19:23:5.100
411,J233756-175223,radec gaincal,23:37:56.290,-17:52:23.800
412,J233859-041333,radec gaincal,23:38:59.190,-4:13:33.800
413,J234802-163112,radec gaincal,23:48:02.620,-16:31:12.600
414,J235156-010916,radec gaincal,23:51:56.210,-1:09:16.300
415,J235731-112538,radec gaincal,23:57:31.250,-11:25:38.900
416,J235753-531115,radec gaincal,23:57:53.140,-53:11:15.600
417,PKS0023-263,radec gaincal,00:25:49.16,-26:02:12.62
418,PKS0117-155,radec gaincal,01:20:27.20,-15:20:16.63
419,PKS0131-522,radec gaincal,01:33:05.763,-52:00:03.94
420,PKS0334-546,radec gaincal,03:35:53.93,-54:30:25.12
421,PKS0346-279,radec gaincal,03:48:38.00,-27:49:14
422,PKS0405-385,radec gaincal,04:06:59,-38:26:28
424,PKS0539-530,radec gaincal,05:40:25.17,-53:03:46.85
425,PKS0742-56,radec gaincal,07:43:20.48,-56:19:32.96
426,PKS0805-077,radec gaincal,08:08:15.54,-07:51:09.89
427,PKS0859-140,radec gaincal,09:02:16.83,-14:15:30.88
428,PKS1034-293,radec gaincal,10:37:16.08,-29:34:02.81
429,PKS1110-217,radec gaincal,11:12:49.85,-21:58:29.35
430,PKS1244-255,radec gaincal,12:46:46.80,-25:47:49.29
431,PKS1253-055,radec gaincal,12:56:11.17,-05:47:21.52
432,PKS1255-316,radec gaincal,12:57:59.06,-31:55:16.85
433,PKS1308-220,radec gaincal,13:11:39.3,-22:16:41.75
434,PKS1313-333,radec gaincal,13:16:07.97,-33:38:59.17
435,PKS1329-665,radec gaincal,13:32:37.53,-66:46:50.35
436,PKS1353-341,radec gaincal,13:56:05.38,-34:21:10.82
437,PKS1421-490,radec gaincal,14:24:32.24,-49:13:49.74
438,PKS1454-402,radec gaincal,14:54:32.91,-40:12:32.51
439,PKS1504-166,radec gaincal,15:07:04.79,-16:52:30.27
440,PKS1607-841,radec gaincal,16:19:33.97,-84:18:19.10
441,PKS1610-771,radec gaincal,16:17:49.28,-77:17:18.46
442,PKS1613-586,radec gaincal,16:17:17.9,-58:48:07.9
443,PKS1621-115,radec gaincal,16:23:59.52,-11:40:43.79
444,PKS1706+006,radec gaincal,17:08:44.65,+00:35:09.500
445,PKS1908-201,radec gaincal,19:11:09.654,-20:06:55.015
446,PKS1908-202,radec gaincal,19:11:09.6538,-20:06:55.015
447,PKS1934-638,radec gaincal,19:39:25.03,-63:42:45.63
448,PKS1947+079,radec gaincal,19:50:05.54,+08:07:13.981
449,PKS1954-388,radec gaincal,19:57:59.82,-38:45:06.36
450,PKS2008-068,radec gaincal,20:11:14.216,-06:44:03.555
451,PKS2032-350,radec gaincal,20:35:47.81,-34:54:08.925
452,PKS2107-105,radec gaincal,21:10:00.97,-10:20:57.32
454,PKS2117-61,radec gaincal,21:21:04.07,-61:11:24.62
455,PKS2128-123,radec gaincal,21:31:35.26,-12:07:04.79
456,PKS2135-209,radec gaincal,21:37:50.00,-20:42:31.75
457,PKS2155-152,radec gaincal,21:58:06.28,-15:01:09.32
458,PKS2203-188,radec gaincal,22:06:10.42,-18:35:38.75
459,PKS2232-488,radec gaincal,22:35:13.23,-48:35:58.79
460,PKS2258-7014,radec gaincal,22:58:31.56,-70:14:39.72
461,PKS2348-165,radec gaincal,23:48:02.61,-16:31:12.02
462,PKSB1903-802,radec gaincal,19:20:40.0,-80:10:05.9
463,PKSJ0010-4153,radec gaincal,00:10:52.52,-41:53:10.8
464,PKSJ0022+0014,radec gaincal,00:22:25.43,+00:14:56.2
465,PKSJ0024-4202,radec gaincal,00:22:25.43,-42:02:03.9
466,PKSJ0025-2602,radec gaincal,00:25:49.17,-26:02:12.7
467,PKSJ0042-4414,radec gaincal,00:42:09.44,-44:14:15.4
468,PKSJ0044-3530,radec gaincal,00:44:41.22,-35:30:41.5
469,PKSJ0059+0006,radec gaincal,00:59:05.51,+00:06:51.6
470,PKSJ0240-2309,radec gaincal,02:40:08.17,-23:09:15.7
471,PKSJ0252-7104,radec gaincal,02:52:46.15,-71:04:35.3
472,PKSJ0303-6211,radec gaincal,03:03:50.63,-62:11:25.6
473,PKSJ0309-6058,radec gaincal,03:09:56.10,-60:58:39.1
474,PKSJ0318+1628,radec gaincal,03:18:57.80,+16:28:32.7
475,PKSJ0323+0534,radec gaincal,03:23:20.31,+05:34:11.9
476,PKSJ0351-2744,radec gaincal,03:51:35.80,-27:44:33.0
477,PKSJ0405-1308,radec gaincal,04:05:34.00,-13:08:13.7
478,PKSJ0408-6544,radec gaincal,04:08:20.38,-65:45:09.6
479,PKSJ0409-1757,radec gaincal,04:09:06.70,-17:57:08.0
480,PKSJ0420-6223,radec gaincal,04:20:55.33,-62:23:39.7
481,PKSJ0423-0120,radec gaincal,04:23:15.80,-01:20:33.06
482,PKSJ0440-4333,radec gaincal,04:40:17.18,-43:33:08.6
483,PKSJ0442-0017,radec gaincal,04:42:38.66,-00:17:43.4
484,PKSJ0444-2809,radec gaincal,04:44:36.50,-28:09:44.0
485,PKSJ0453-2807,radec gaincal,04:53:14.65,-28:07:37.3
486,PKSJ0503+020,radec gaincal,05:03:21.19,02:03:04.68
487,PKSJ0519-4546,radec gaincal,05:19:49.69,-45:46:44.5
488,PKSJ0534+1927,radec gaincal,05:34:44.52,+19:27:21.4
489,PKSJ0538-4405,radec gaincal,05:38:50.36,-44:05:08.9
490,PKSJ0635-7516,radec gaincal,06:35:46.51,-75:16:16.8
491,PKSJ0744-0629,radec gaincal,07:44:21.66,-06:29:35.9
492,PKSJ0837-1951,radec gaincal,08:37:11.19,-19:51:55.9
493,PKSJ0943-0819,radec gaincal,09:43:36.86,-08:19:32.0
494,PKSJ1038-7003,radec gaincal,10:38:28.56,-70:03:08.9
495,PKSJ1130-1449,radec gaincal,11:30:07.05,-14:49:27.2
496,PKSJ1154-3505,radec gaincal,11:54:21.76,-35:05:29.4
497,PKSJ1248-1959,radec gaincal,12:48:23.98,-19:59:18.6
498,PKSJ1311-2216,radec gaincal,13:11:39.33,-22:16:41.70
499,PKSJ1313-333,radec gaincal,13:16:07.99,-33:38:59.17
500,PKSJ1330+2509,radec gaincal,13:30:37.69,+25:09:10.9
501,PKSJ1424-4913,radec gaincal,14:24:32.24,-49:13:49.7
502,PKSJ1510-0543,radec gaincal,15:10:53.59,-05:43:07.4
503,PKSJ1517-2422,radec gaincal,15:17:41.90,-24:22:19.5
504,PKSJ1557-7913,radec gaincal,15:56:58.87,-79:14:04.3
505,PKSJ1609+2641,radec gaincal,16:09:13.32,+26:41:29.0
506,PKSJ1733-1304,radec gaincal,17:33:02.71,-13:04:49.5
507,PKSJ1744-5144,radec gaincal,17:44:25.46,-51:44:43.8
508,PKSJ1819-6345,radec gaincal,18:19:35.00,-63:45:48.2
509,PKSJ1830-3602,radec gaincal,18:30:58.88,-36:02:30.1
510,PKSJ1833-2103,radec gaincal,18:33:39.91,-21:03:40.1
511,PKSJ1924-2914,radec gaincal,19:24:51.11,-29:14:31.0
512,PKSJ1935-4620,radec gaincal,19:35:56.50,-46:20:41.0
513,PKSJ1941-1524,radec gaincal,19:41:15.03,-15:24:31.3
514,PKSJ1958-5509,radec gaincal,19:58:28.90,-55:09:12.0
515,PKSJ2121-6404,radec gaincal,21:21:55.02,-64:04:29.76
516,PKSJ2129-1821,radec gaincal,21:29:21.42,-18:21:22.9
517,PKSJ2131-2036,radec gaincal,21:31:01.52,-20:36:56.1
518,PKSJ2137-2036,radec gaincal,21:37:50.04,-20:36:56.1
519,PKSJ2151-3027,radec gaincal,21:51:55.52,-30:27:53.6
520,PKSJ2152-2828,radec gaincal,21:52:03.83,-28:28:29.6
521,PKSJ2205-636,radec gaincal,22:08:47.24,-63:25:47.48
522,PKSJ2206-1835,radec gaincal,22:06:10.42,-18:35:38.7
523,PKSJ2219-2756,radec gaincal,22:19:42.40,-27:56:20.0
524,PKSJ2248-3235,radec gaincal,22:48:38.69,-32:35:52.2
525,PKSJ2316+040,radec gaincal,23:16:35.21,04:05:18.15
526,PKSJ2348-165,radec gaincal,23:48:02.61,-16:31:12.0
527,PKSJ2348-165,radec gaincal,23:48:02.61,-16:31:12.0
528,PKSJ2357-112,radec gaincal,23:57:31.19,-11:25:39.18
529,PKS0153-410,radec gaincal,01:55:37.06,-40:48:42.36
530,PKS0159-117,radec gaincal,02:01:57.16,-11:32:33.13
531,PKS0308-611,radec gaincal,03:09:56.09,-60:58:39.06
532,PKS0332-403,radec gaincal,03:34:13.65,-40:08:25.39
533,PKS0405-385,radec gaincal,04:06:59,-38:26:28
534,PKS0451-282,radec gaincal,04:53:14.65,-28:07:37.33
535,PKS0500+019,radec gaincal,05:03:21,+02:03:05
536,PKS0521-36,radec gaincal,05:22:58.01,-36:27:31.9
537,PKS0606-223,radec gaincal,06:08:59.69,-22:20:20.96
538,PKS0615-365,radec gaincal,06:17:32.32,-36:34:14.80
539,PKS0642-349,radec gaincal,06:44:25.28,-34:59:42.14
540,PKS0704-231,radec gaincal,07:06:33.4782,-23:11:37.530
541,PKS0742+103,radec gaincal,07:45:33.06,+10:11:12.69
542,PKS0834-196,radec gaincal,08:37:11.18,-19:51:56.81
543,PKS0922+005,radec gaincal,09:25:07.81,+00:19:13.93
544,PKS1039+029,radec gaincal,10:41:38.88,+02:42:30.816
545,PKS1103-208,radec gaincal,11:06:22.3200,-21:08:59.642
546,PKS1150-003,radec gaincal,11:50:43.87,-00:23:54.20
547,PKS1226+023,radec gaincal,12:29:06.69,+02:03:08.59
548,PKS1245-197,radec gaincal,12:48:23.90,-19:59:18.59
549,PKS1343-300,radec gaincal,13:45:51.51,-30:15:04.54
550,PKS1349-145,radec gaincal,13:51:53.00,-14:49:15
551,PKS1600-48,radec gaincal,16:03:50.69,-49:04:05.74
552,PKS1611+343,radec gaincal,16:13:41.06,+34:12:47.90
553,PKS1613-586,radec gaincal,16:17:17.88951,-58:48:07.8604
554,PKS1643-223,radec gaincal,16:46:05.0,-22:27:60
555,PKS1718-649,radec gaincal,17:23:41.03,-65:00:36.61
556,PKS1730-130,radec gaincal,17:33:02.705790,-13:04:49.548230
557,PKS1732+094,radec gaincal,17:34:58,+09:26:58
558,PKS1740-517,radec gaincal,17:44:25.45534,-51:44:43.7611
559,PKS1742-289,radec gaincal,17:45:40,-29:00:28
560,PKS1829-718,radec gaincal,18:35:37.204,-71:49:58.22
561,PKS1920-211,radec gaincal,19:23:32.189815,-21:04:33.333080
562,PKS1933-587,radec gaincal,19:37:32.37,-58:38:27.80
563,PKS1953-077|3C404,radec gaincal,19:56:11.0910,-07:36:54.567
564,PKS2107-105,radec gaincal,21:10:00.97,-10:20:57.32
565,PKS2215-508,radec gaincal,22:18:19.03,-50:38:41.73
566,PKS2223-052,radec gaincal,22:25:47.26,-04:57:01.39
567,PKS2226-411,radec gaincal,22:29:18.61,-40:51:31.59
568,PKS2243-123,radec gaincal,22:46:18.23,-12:06:51.28
569,PKS2326-477,radec gaincal,23:29:17.70,-47:30:19.11
570,PKSB0407-658,radec gaincal,04:08:20.38,-65:45:09.08
571,PKSJ0010-4153,radec gaincal,00:10:52.52,-41:53:10.8
572,PKSJ0025-260,radec gaincal,00:25:49.17,-26:02:12.70
573,PKSJ0042-4414,radec gaincal,00:42:09.44,-44:14:15.4
574,PKSJ0201-440,radec gaincal,02:03:40.76,-43:49:51.41
575,PKSJ0420-625,radec gaincal,04:20:55.33,-62:23:39.70
576,PKSJ0444-281,radec gaincal,04:44:36.50,-28:09:44.00
577,PKSJ0647-475,radec gaincal,06:48:48.45,-47:34:27.19
579,PKSJ0648-475,radec gaincal,06:48:48.45,-47:34:27.19
580,PKSJ0742-56,radec gaincal,07:43:20.48,-56:19:32.96
581,PKSJ1617-585,radec gaincal,16:17:17.89,-58:48:07.86
582,PKSJ1829-718,radec gaincal,18:35:37.20,-71:49:58.23
583,PKSJ1833-2103,radec gaincal,18:33:39.91,-21:03:40.1
584,PKSJ1924-292,radec gaincal,19:24:51.11,-29:14:31.00
585,PKSJ1939-6342,radec gaincal,19:39:25.03,-63:42:45.63
586,PKSJ2121-642,radec gaincal,21:21:55.02,-64:04:30.04
587,PKSJ2129-1821,radec gaincal,21:29:21.42,-18:21:22.9
588,PKSJ2131-2036,radec gaincal,21:31:01.52,-20:36:56.1
589,PKSJ2151-3027,radec gaincal,21:51:55.52,-30:27:53.6
590,PKSJ2152-2828,radec gaincal,21:52:03.83,-28:28:29.6
591,PKSJ2158-1501,radec gaincal,21:58:06.30,-15:01:09.1
592,PKSJ2206-1835,radec gaincal,22:06:10.42,-18:35:38.7
593,PKSJ2211-1328,radec gaincal,22:11:24.18,-13:28:10.1
594,PKSJ2219-2756,radec gaincal,22:19:42.40,-27:56:20.0
595,PKSJ2237-1145,radec gaincal,22:37:46.68,-11:45:43.7
596,PKSJ2258-2758,radec gaincal,22:58:05.95,-27:58:19.4
597,PMNJ1712-2809,radec gaincal,17:12:57.01,-28:09:33.6