0003+380,J0005+38,J0005+3820,00:05:57.175400, 38:20:15.1488700
0003-066,J0006-06,J0006-0623,00:06:13.892880,-06:23:35.3344000
0007+106,IIIZW2,J0010+1058,00:10:31.005867, 10:58:29.5037360
0007+171,J0010+17,J0010+1724,00:10:33.990608, 17:24:18.7617230
0008-421,J0010-41,J0010-4153,00:10:52.519257,-41:53:10.7861530
0008-264,J0011-26,J0011-2612,00:11:01.246772,-26:12:33.3766400
0010+405,J0013+40,J0013+4051,00:13:31.130178, 40:51:37.1440280
0012+609,0012+610,J0014+6115,00:14:48.848700, 61:15:35.6180000
0013-005,J0016-00,J0016-0015,00:16:11.088541,-00:15:12.4448190
0014+813,J0017+81,J0017+8135,00:17:08.474789, 81:35:08.1364260
0016-129,J0018-12,J0018-1242,00:18:51.400100,-12:42:33.2140000
0016+731,J0019+73,J0019+7327,00:19:45.786343, 73:27:30.0175000
0017+154,J0020+15,J0020+1541,00:20:25.318000, 15:41:26.5800000
0019-000,J0022+00,J0022+0014,00:22:25.429600, 00:14:56.1280000
0019+058,J0022+06,J0022+0608,00:22:32.441193, 06:08:04.2698780
0022-423,J0024-42,J0024-4202,00:24:42.989868,-42:02:03.9526560
0022+390,J0025+39,J0025+3919,00:25:26.154400, 39:19:35.4000000
0023-263,J0025-26,J0025-2602,00:25:49.168300,-26:02:12.6950000
0024+348,J0026+35,J0026+3508,00:26:41.723587, 35:08:42.3177910
0026+346,J0029+34,J0029+3456,00:29:14.242541, 34:56:32.2474440
0032-203,J0035-20,J0035-2003,00:35:08.783600,-20:03:59.6640000
0035+413,J0038+41,J0038+4137,00:38:24.843615, 41:37:06.0007050
0036-216,J0038-21,J0038-2120,00:38:29.952400,-21:20:04.0270000
0038+328,J0040+33,J0040+3310,00:40:55.059600, 33:10:08.2670000
0038-020,J0040-01,J0040-0146,00:40:57.614500,-01:46:32.0620000
0039+230,J0042+23,J0042+2320,00:42:04.545139, 23:20:01.0611960
0039-445,J0042-44,J0042-4414,00:42:09.422200,-44:14:15.5810000
0041+660,J0044+66,J0044+6618,00:44:41.256300, 66:18:41.1050000
0042-357,J0044-35,J0044-3530,00:44:41.229400,-35:30:41.6280000
0047-579,J0049-57,J0049-5738,00:49:59.473110,-57:38:27.3398210
0048-097,J0050-09,J0050-0929,00:50:41.317387,-09:29:05.2095960
0048-071,J0051-06,J0051-0650,00:51:08.201700,-06:50:01.9300000
0051-038,J0054-03,J0054-0333,00:54:08.446500,-03:33:55.3630000
0055+300,J0057+30,J0057+3021,00:57:48.886300, 30:21:08.7850000
0056-572,J0058-56,J0058-5659,00:58:46.581268,-56:59:11.4703760
0056-001,J0059+00,J0059+0006,00:59:05.514900, 00:06:51.6218910
0056-172,J0059-17,J0059-1700,00:59:06.684500,-17:00:38.5220000
0059+581,J0102+58,J0102+5824,01:02:45.762352, 58:24:11.1368290
0102+480,J0105+48,J0105+4819,01:05:49.925300, 48:19:03.1190000
0104-408,J0106-40,J0106-4034,01:06:45.107990,-40:34:19.9597260
0106+013,J0108+01,J0108+0135,01:08:38.771076, 01:35:00.3176690
0107+562,J0110+56,J0110+5632,01:10:57.561000, 56:32:16.9320000
0108-079,J0110-07,J0110-0741,01:10:50.017300,-07:41:41.2180000
0108+388,J0111+39,J0111+3906,01:11:37.316757, 39:06:28.1038320
0109+224,J0112+22,J0112+2244,01:12:05.824710, 22:44:38.7865450
0111+021,J0113+02,J0113+0222,01:13:43.144939, 02:22:17.3167570
0110+495,J0113+49,J0113+4948,01:13:27.006805, 49:48:24.0435140
0111+481,J0114+48,J0114+4823,01:14:23.509200, 48:23:53.0560000
0112-017,J0115-01,J0115-0127,01:15:17.099958,-01:27:04.5767450
0113-118,J0116-11,J0116-1136,01:16:12.521972,-11:36:15.4329210
0114-211,J0116-20,J0116-2052,01:16:51.404300,-20:52:06.8130000
0116-219,J0118-21,J0118-2141,01:18:57.263500,-21:41:30.0280000
0116+319,J0119+32,J0119+3210,01:19:35.000126, 32:10:50.0585100
0117-155,J0120-15,J0120-1520,01:20:27.197200,-15:20:16.6310000
0118-272,J0120-27,J0120-2701,01:20:31.663412,-27:01:24.6517660
0119+041,J0121+04,J0121+0422,01:21:56.861694, 04:22:24.7348540
0119+115,J0121+11,J0121+1149,01:21:41.595028, 11:49:50.4135320
0119+247,J0122+25,J0122+2502,01:22:38.819800, 25:02:31.7570000
0123+257,J0126+25,J0126+2559,01:26:42.792629, 25:59:01.3010830
0127+233,J0129+23,J0129+2338,01:29:59.801300, 23:38:20.7280000
0130-171,J0132-16,J0132-1654,01:32:43.488200,-16:54:48.6720000
0131-522,J0133-52,J0133-5200,01:33:05.762608,-52:00:03.9457620
0132-097,J0134-09,J0134-0931,01:34:35.667600,-09:31:03.0720000
0132+079,J0135+08,J0135+0811,01:35:14.999400, 08:11:07.1060000
0133-203,0133-204,J0135-2008,01:35:37.508600,-20:08:45.8870000
0133+476,J0136+47,J0136+4751,01:36:58.594780, 47:51:29.1002200
0134+329,3C48,J0137+3309,01:37:41.299465, 33:09:35.1342160
0135-247,J0137-24,J0137-2430,01:37:38.346363,-24:30:53.8848420
0138+136,J0141+13,J0141+1353,01:41:09.154500, 13:53:28.0330000
0138-097,J0141-09,J0141-0928,01:41:25.832041,-09:28:43.6732980
0139-273,J0141-27,J0141-2706,01:41:27.191300,-27:06:07.1250000
0142-278,J0145-27,J0145-2733,01:45:03.397100,-27:33:34.3250000
0146+056,J0149+05,J0149+0555,01:49:22.370918, 05:55:53.5688400
0147+187,J0149+18,J0149+1857,01:49:49.727700, 18:57:20.5110000
0147-076,J0150-07,J0150-0725,01:50:02.697095,-07:25:48.4976920
0148+274,J0151+27,J0151+2744,01:51:27.146141, 27:44:41.7938610
0149+218,J0152+22,J0152+2207,01:52:18.059034, 22:07:07.7003620
0150-334,J0153-33,J0153-3310,01:53:10.121702,-33:10:25.8612880
0153-410,J0155-40,J0155-4048,01:55:37.059334,-40:48:42.3577500
0153+744,J0157+74,J0157+7442,01:57:34.964836, 74:42:43.2309110
0155-109,J0157-10,J0157-1043,01:57:41.528000,-10:43:40.4080000
0159-117,J0201-11,J0201-1132,02:01:57.164700,-11:32:33.1330000
0202-765,J0202-76,J0202-7620,02:02:13.694642,-76:20:03.0563210
0201+113,J0203+11,J0203+1134,02:03:46.657047, 11:34:45.4101300
0159+723,J0203+72,J0203+7232,02:03:33.384914, 72:32:53.6675340
0201-440,J0203-43,J0203-4349,02:03:40.754300,-43:49:50.7830000
0202+149,J0204+15,J0204+1514,02:04:50.413902, 15:14:11.0437520
0202-172,J0204-17,J0204-1701,02:04:57.674355,-17:01:19.8395040
0202+319,J0205+32,J0205+3212,02:05:04.925359, 32:12:30.0959530
0208-512,J0210-51,J0210-5101,02:10:46.200436,-51:01:01.8915450
0213-026,J0215-02,J0215-0222,02:15:42.013200,-02:22:56.8380000
0215+015,J0217+01,J0217+0144,02:17:48.954727, 01:44:49.6998410
0212+735,J0217+73,J0217+7349,02:17:30.813272, 73:49:32.6220090
0216+011,J0219+01,J0219+0120,02:19:07.028400, 01:20:59.6790000
0218-021,J0220-01,J0220-0156,02:20:54.149400,-01:56:53.6410000
0218+357,J0221+35,J0221+3556,02:21:05.473300, 35:56:13.7910000
0219+428,J0222+43,J0222+4302,02:22:39.611477, 43:02:07.7992780
0220-349,J0222-34,J0222-3441,02:22:56.401554,-34:41:28.7292860
0220+397,J0223+40,J0223+4000,02:23:42.795800, 40:00:54.2640000
0221+067,J0224+06,J0224+0659,02:24:28.428179, 06:59:23.3422200
0221+276,J0224+27,J0224+2750,02:24:12.297300, 27:50:12.0160000
0224+671,4C67.05,J0228+6721,02:28:50.051487, 67:21:03.0296660
0223+774,J0229+77,J0229+7743,02:29:14.711500, 77:43:16.1130000
0230-790,J0229-78,J0229-7847,02:29:34.946701,-78:47:45.6008800
0229+131,J0231+13,J0231+1322,02:31:45.894054, 13:22:54.7168240
0229-398,J0231-39,J0231-3935,02:31:51.788600,-39:35:45.7440000
0234+285,J0237+28,J0237+2848,02:37:52.405666, 28:48:08.9904680
0235+164,J0238+16,J0238+1636,02:38:38.930099, 16:36:59.2751880
0237+040,J0239+04,J0239+0416,02:39:51.263039, 04:16:21.4124740
0237-027,J0239-02,J0239-0234,02:39:45.472279,-02:34:40.9129220
0237-233,J0240-23,J0240-2309,02:40:08.174568,-23:09:15.7305450
0238-084,J0241-08,J0241-0815,02:41:04.798539,-08:15:20.7512840
0239+108,J0242+11,J0242+1101,02:42:29.170839, 11:01:00.7287410
0240-217,J0242-21,J0242-2132,02:42:35.910200,-21:32:26.1040000
0241+622,J0244+62,J0244+6228,02:44:57.696709, 62:28:06.5146680
0248+430,J0251+43,J0251+4315,02:51:34.536762, 43:15:15.8290200
0252-712,J0252-71,J0252-7104,02:52:46.155968,-71:04:35.2741510
0250+178,J0253+18,J0253+1805,02:53:34.882050, 18:05:42.5272250
0252-549,J0253-54,J0253-5441,02:53:29.180456,-54:41:51.4356120
0256+075,J0259+07,J0259+0747,02:59:27.076624, 07:47:39.6438830
0259+121,J0302+12,J0302+1218,03:02:30.546783, 12:18:56.7502590
0300+470,J0303+47,J0303+4716,03:03:35.242203, 47:16:16.2758600
0302-623,J0303-62,J0303-6211,03:03:50.631367,-62:11:25.5494610
0302+625,J0306+62,J0306+6243,03:06:42.659508, 62:43:02.0244910
0306+102,J0309+10,J0309+1029,03:09:03.623514, 10:29:16.3414840
0308-611,J0309-60,J0309-6058,03:09:56.099201,-60:58:39.0558470
0312-770,J0311-76,J0311-7651,03:11:55.250412,-76:51:50.8481860
0310-150,J0312-14,J0312-1449,03:12:46.398800,-14:49:52.0510000
0309+411,J0313+41,J0313+4120,03:13:01.962115, 41:20:01.1840580
0311+430,J0314+43,J0314+4314,03:14:43.641300, 43:14:05.5620000
0316+162,J0318+16,J0318+1628,03:18:57.801500, 16:28:32.7050000
0317+188,J0319+19,J0319+1901,03:19:51.256615, 19:01:31.2926430
0316+413,3C84,J0319+4130,03:19:48.160100, 41:30:42.1060000
0319+121,J0321+12,J0321+1221,03:21:53.103504, 12:21:13.9543980
0320+053,J0323+05,J0323+0534,03:23:20.274100, 05:34:11.8970000
0326+27,0326+277,J0329+2756,03:29:57.669415, 27:56:15.4998160
0327-241,J0329-23,J0329-2357,03:29:54.070700,-23:57:08.6090000
0332+078,J0334+08,J0334+0800,03:34:53.314100, 08:00:14.3330000
0332-403,J0334-40,J0334-4008,03:34:13.654486,-40:08:25.3965910
0334-546,J0335-54,J0335-5430,03:35:53.924892,-54:30:25.1152230
0334+056,J0336+05,J0336+0545,03:36:43.069100, 05:45:58.1930000
0333+321,J0336+32,J0336+3218,03:36:30.107599, 32:18:29.3427940
0334+014,J0337+01,J0337+0137,03:37:17.109434, 01:37:22.7388530
0334+506,J0337+50,J0337+5045,03:37:43.666800, 50:45:56.2300000
0336-019,CTA26,J0339-0146,03:39:30.937790,-01:46:35.8030820
0338-214,J0340-21,J0340-2119,03:40:35.607937,-21:19:31.1707380
0341+158,J0344+15,J0344+1559,03:44:23.172188, 15:59:43.3700030
0342+147,J0345+14,J0345+1453,03:45:06.416549, 14:53:49.5587500
0345+337,J0348+33,J0348+3353,03:48:46.904500, 33:53:14.9650000
0346-279,J0348-27,J0348-2749,03:48:38.150300,-27:49:13.3000000
0349+727,J0354+72,J0354+7254,03:54:54.992600, 72:54:38.4510000
0355-483,J0357-48,J0357-4812,03:57:21.917866,-48:12:15.1608280
0355+508,J0359+50,J0359+5057,03:59:29.747257, 50:57:50.1620860
0400-319,J0402-31,J0402-3147,04:02:21.266047,-31:47:25.9449180
0400+258,J0403+26,J0403+2600,04:03:05.586055, 26:00:01.5033580
0402-362,J0403-36,J0403-3605,04:03:53.749928,-36:05:01.9122950
0403-132,J0405-13,J0405-1308,04:05:34.003403,-13:08:13.6894350
0405-385,J0406-38,J0406-3826,04:06:59.035370,-38:26:28.0403650
0405-123,J0407-12,J0407-1211,04:07:48.430840,-12:11:36.6586690
0405-331,J0407-33,J0407-3303,04:07:33.921100,-33:03:46.0010000
0405+305,J0408+30,J0408+3032,04:08:20.377531, 30:32:30.4909230
0407-658,J0408-65,J0408-6545,04:08:20.380186,-65:45:09.0784890
0406+121,J0409+12,J0409+1217,04:09:22.008732, 12:17:39.8482510
0406+386,J0409+38,J0409+3848,04:09:22.402400, 38:48:33.2260000
0406-127,J0409-12,J0409-1238,04:09:05.769728,-12:38:48.1428410
0406-180,J0409-17,J0409-1757,04:09:06.700000,-17:57:10.0390000
0409+229,J0412+23,J0412+2305,04:12:43.666700, 23:05:05.4770000
0411-346,J0413-34,J0413-3430,04:13:00.943800,-34:30:10.1930000
0414-189,J0416-18,J0416-1851,04:16:36.544483,-18:51:08.3393770
0413-210,J0416-20,J0416-2056,04:16:04.363900,-20:56:27.6990000
0420+347,J0423+34,J0423+3451,04:23:57.120400, 34:51:46.2210000
0420+417,J0423+41,J0423+4150,04:23:56.009789, 41:50:02.7135180
0420-014,J0423-01,J0423-0120,04:23:15.800725,-01:20:33.0644070
0422+004,J0424+00,J0424+0036,04:24:46.842083, 00:36:06.3306530
0421+019,J0424+02,J0424+0204,04:24:08.563700, 02:04:24.9410000
0422-380,J0424-37,J0424-3756,04:24:42.243710,-37:56:20.7831000
0422+178,J0425+17,J0425+1755,04:25:24.462600, 17:55:25.1220000
0423+051,J0426+05,J0426+0518,04:26:36.604095, 05:18:19.8728050
0422+578,J0426+57,J0426+5757,04:26:51.300000, 57:57:56.4000000
0425+048,J0427+04,J0427+0457,04:27:47.570492, 04:57:08.3270190
0426-380,J0428-37,J0428-3756,04:28:40.424301,-37:56:19.5789810
0427-345,J0429-34,J0429-3426,04:29:47.221000,-34:26:41.7600000
0428+205,J0431+20,J0431+2037,04:31:03.755600, 20:37:34.2530000
0429+415,J0432+41,J0432+4138,04:32:36.503000, 41:38:28.4300000
0431-512,J0432-51,J0432-5109,04:32:21.178125,-51:09:25.1880930
0430+052,3C120,J0433+0521,04:33:11.095564, 05:21:15.6201360
0433+295,J0437+29,J0437+2940,04:37:04.174700, 29:40:15.1360000
0434-188,J0437-18,J0437-1844,04:37:01.482725,-18:44:48.6123540
0435+487,J0438+48,J0438+4848,04:38:59.107800, 48:48:46.5820000
0437-454,J0439-45,J0439-4522,04:39:00.854679,-45:22:22.5626890
0438-436,J0440-43,J0440-4333,04:40:17.179991,-43:33:08.6031670
0439-337,J0441-33,J0441-3340,04:41:33.775400,-33:40:03.7210000
0440-003,J0442-00,J0442-0017,04:42:38.660751,-00:17:43.4192390
0440+345,J0443+34,J0443+3441,04:43:31.635237, 34:41:06.6641500
0445-221,J0447-22,J0447-2203,04:47:37.281500,-22:03:36.8280000
0450-743,J0448-74,J0448-7417,04:48:48.559299,-74:17:31.2463460
0446+112,J0449+11,J0449+1121,04:49:07.671127, 11:21:28.5971760
0444+634,J0449+63,J0449+6332,04:49:23.310415, 63:32:09.4347470
0448-392,J0449-39,J0449-3911,04:49:42.259400,-39:11:09.0560000
0454-810,J0450-81,J0450-8101,04:50:05.440286,-81:01:02.2310460
0451-282,J0453-28,J0453-2807,04:53:14.646857,-28:07:37.3271060
0453-206,J0455-20,J0455-2034,04:55:23.663500,-20:34:14.5110000
0454-463,J0455-46,J0455-4616,04:55:51.110800,-46:16:03.9840000
0454+066,J0457+06,J0457+0645,04:57:07.709400, 06:45:07.1930000
0454-234,J0457-23,J0457-2324,04:57:03.179227,-23:24:52.0189510
0457+024,J0459+02,J0459+0229,04:59:52.050655, 02:29:31.1769160
0458+138,J0501+13,J0501+1356,05:01:45.270836, 13:56:07.2210700
0458-020,J0501-01,J0501-0159,05:01:12.809886,-01:59:14.2552560
0459+060,J0502+06,J0502+0609,05:02:15.445940, 06:09:07.4948300
0459+135,J0502+13,J0502+1338,05:02:33.221100, 13:38:10.8380000
0459+252,J0502+25,J0502+2516,05:02:58.582600, 25:16:24.2420000
0500+019,J0503+02,J0503+0203,05:03:21.197199, 02:03:04.6770170
0503-608,J0504-60,J0504-6049,05:04:01.701277,-60:49:52.5381810
0502+049,J0505+04,J0505+0459,05:05:23.184734, 04:59:42.7254680
0506-612,J0506-61,J0506-6109,05:06:43.988720,-61:09:40.9928820
0454+844,J0508+84,J0508+8432,05:08:42.363350, 84:32:04.5444040
0506+101,J0509+10,J0509+1011,05:09:27.457069, 10:11:44.6011050
0507+179,J0510+18,J0510+1800,05:10:02.369132, 18:00:41.5823970
0509+152,J0512+15,J0512+1517,05:12:41.017200, 15:17:23.4380000
0511-220,J0513-21,J0513-2159,05:13:49.114323,-21:59:16.0906680
0515-674,J0515-67,J0515-6721,05:15:37.537739,-67:21:27.8333110
0514-161,J0516-16,J0516-1603,05:16:15.930000,-16:03:07.6360000
0516-621,J0516-62,J0516-6207,05:16:44.926208,-62:07:05.3886850
0517-726,J0516-72,J0516-7237,05:16:37.718552,-72:37:07.4682570
0517+454,J0520+45,J0520+4528,05:20:47.520000, 45:28:34.9520000
0518+165,3C138,J0521+1638,05:21:09.886008, 16:38:22.0518020
0519-208,J0521-20,J0521-2047,05:21:38.895000,-20:47:39.3880000
0519+011,J0522+01,J0522+0113,05:22:17.471300, 01:13:31.1450000
0521-365,J0522-36,J0522-3627,05:22:57.984653,-36:27:30.8498210
0522-611,J0522-61,J0522-6107,05:22:34.425518,-61:07:57.1329570
0528-655,HD36705,J0528-6526,05:28:44.788029,-65:26:56.1306720
0530-727,J0529-72,J0529-7245,05:29:30.042282,-72:45:28.5070110
0528+134,J0530+13,J0530+1331,05:30:56.416744, 13:31:55.1503070
0528-250,J0530-25,J0530-2503,05:30:07.962770,-25:03:29.8984620
0529+075,J0532+07,J0532+0732,05:32:38.998447, 07:32:43.3454360
0531+194,J0534+19,J0534+1927,05:34:44.518300, 19:27:21.3780000
0534-611,J0534-61,J0534-6106,05:34:35.772999,-61:06:07.0644950
0534-340,J0536-34,J0536-3401,05:36:28.438300,-34:01:11.3810000
0537-441,J0538-44,J0538-4405,05:38:50.361546,-44:05:08.9381300
0536+145,J0539+14,J0539+1433,05:39:42.366001, 14:33:45.5625720
0537-158,J0539-15,J0539-1550,05:39:32.010159,-15:50:30.3195990
0537-286,J0539-28,J0539-2839,05:39:54.281437,-28:39:55.9465260
0538+474,J0541+47,J0541+4729,05:41:49.194900, 47:29:07.5780000
0537+531,J0541+53,J0541+5312,05:41:16.170000, 53:12:24.8100000
0539-057,J0541-05,J0541-0541,05:41:38.083336,-05:41:49.4271700
0538+498,3C147,J0542+4951,05:42:36.137897, 49:51:07.2338110
0544+273,J0547+27,J0547+2721,05:47:34.148949, 27:21:56.8428690
0550+032,J0552+03,J0552+0313,05:52:50.105000, 03:13:27.0860000
0552+398,DA193,J0555+3948,05:55:30.805607, 39:48:49.1656110
0556+238,J0559+23,J0559+2353,05:59:32.033134, 23:53:53.9274710
0600+177,J0603+17,J0603+1742,06:03:09.130283, 17:42:16.8112490
0600+219,J0603+21,J0603+2159,06:03:51.555800, 21:59:37.7150000
0601+203,J0604+20,J0604+2021,06:04:28.669500, 20:21:22.2320000
0600+442,J0604+44,J0604+4413,06:04:35.626800, 44:13:58.6630000
0602-424,J0604-42,J0604-4225,06:04:25.149000,-42:25:29.9810000
0602+673,J0607+67,J0607+6720,06:07:52.674700, 67:20:55.3450000
0605-085,J0607-08,J0607-0834,06:07:59.699238,-08:34:49.9770850
0606-223,J0608-22,J0608-2220,06:08:59.689400,-22:20:20.8720000
0605+480,J0609+48,J0609+4804,06:09:32.536400, 48:04:15.5710000
0607-157,J0609-15,J0609-1542,06:09:40.949497,-15:42:40.6711850
0611+131,J0613+13,J0613+1306,06:13:57.692753, 13:06:45.4024700
0609+607,J0614+60,J0614+6046,06:14:23.866186, 60:46:21.7559530
0614-349,J0616-34,J0616-3456,06:16:35.981369,-34:56:16.5633960
0615-365,J0617-36,J0617-3634,06:17:32.323910,-36:34:14.8016350
0622-441,J0623-44,J0623-4413,06:23:31.786236,-44:13:02.5417860
0620+389,J0624+38,J0624+3856,06:24:19.021334, 38:56:48.7365300
0622+147,J0625+14,J0625+1440,06:25:45.923900, 14:40:19.7950000
0615+820,J0626+82,J0626+8202,06:26:03.006129, 82:02:25.5680640
0624-058,J0627-05,J0627-0553,06:27:10.096000,-05:53:04.7680000
0627-199,J0629-19,J0629-1959,06:29:23.769200,-19:59:19.5620000
0629-418,J0631-41,J0631-4154,06:31:11.998044,-41:54:26.9454360
0629+104,J0632+10,J0632+1022,06:32:15.351000, 10:22:01.6800000
0637-752,J0635-75,J0635-7516,06:35:46.507915,-75:16:16.8148730
,,J0639-3345,06:39:20.927200,-33:45:59.1410000
0637-337,J0639-33,J0639-3346,06:39:20.904728,-33:46:00.1130240
0636+680,J0642+67,J0642+6758,06:42:04.257383, 67:58:35.6212390
0642-349,J0644-34,J0644-3459,06:44:25.281700,-34:59:42.1400000
0642+214,3C166,J0645+2121,06:45:24.099522, 21:21:51.2021640
0642+449,J0646+44,J0646+4451,06:46:32.025993, 44:51:16.5906790
0646-306,J0648-30,J0648-3044,06:48:14.096447,-30:44:19.6584890
0647-475,J0648-47,J0648-4734,06:48:48.452019,-47:34:27.1855140
0646+600,J0650+60,J0650+6001,06:50:31.249400, 60:01:44.6020000
0648-165,J0650-16,J0650-1637,06:50:24.581877,-16:37:39.7239880
0646+692,J0651+69,J0651+6911,06:51:54.950700, 69:11:12.7200000
0650+371,J0653+37,J0653+3705,06:53:58.282860, 37:05:40.6071890
0651+542,J0655+54,J0655+5408,06:55:14.822300, 54:08:58.4210000
0653+694,J0658+69,J0658+6920,06:58:46.498300, 69:20:49.6950000
0657+172,J0700+17,J0700+1709,07:00:01.525541, 17:09:21.7024170
0700-465,J0701-46,J0701-4634,07:01:34.547085,-46:34:36.6201900
0659+445,J0702+44,J0702+4431,07:02:53.679000, 44:31:11.9400000
0704-231,J0706-23,J0706-2311,07:06:33.478200,-23:11:37.5300000
0707+476,J0710+47,J0710+4732,07:10:46.104893, 47:32:11.1437380
0710+439,J0713+43,J0713+4349,07:13:38.164074, 43:49:17.2050740
0711+146,J0714+14,J0714+1436,07:14:04.635200, 14:36:20.6290000
0711+356,J0714+35,J0714+3534,07:14:24.817572, 35:34:39.7943380
0716+714,J0721+71,J0721+7120,07:21:53.448467, 71:20:36.3638570
0722+145,J0725+14,J0725+1425,07:25:16.807755, 14:25:13.7474340
0723-008,J0725-00,J0725-0054,07:25:50.639965,-00:54:56.5435450
0718+79,0718+792,J0726+7911,07:26:11.735229, 79:11:31.0166490
0725+147,J0728+14,J0728+1437,07:28:10.352900, 14:37:35.9890000
0727-365,J0729-36,J0729-3639,07:29:05.416196,-36:39:45.2423250
0727-115,J0730-11,J0730-1141,07:30:19.112465,-11:41:12.5994120
0732+332,J0735+33,J0735+3307,07:35:55.566000, 33:07:09.4100000
0731+479,J0735+47,J0735+4750,07:35:02.310000, 47:50:08.5160000
0733-174,J0735-17,J0735-1735,07:35:45.812496,-17:35:48.5006370
0735+178,J0738+17,J0738+1742,07:38:07.393750, 17:42:18.9990220
0736-063,J0738-06,J0738-0626,07:38:55.330000,-06:26:59.4000000
0736-303,J0738-30,J0738-3025,07:38:19.792100,-30:25:04.8860000
0736-332,J0738-33,J0738-3322,07:38:16.948997,-33:22:12.7785600
0738-674,J0738-67,J0738-6735,07:38:56.496300,-67:35:50.8256490
0736+017,J0739+01,J0739+0137,07:39:18.033888, 01:37:04.6190460
0733+705,J0739+70,J0739+7023,07:39:23.684700, 70:23:11.7390000
0738+272,J0741+27,J0741+2706,07:41:25.733400, 27:06:45.4350000
0738+313,J0741+31,J0741+3112,07:41:10.703309, 31:12:00.2291620
0743-673,J0743-67,J0743-6726,07:43:31.611517,-67:26:25.5459140
0740+380,J0744+37,J0744+3753,07:44:17.461200, 37:53:17.2060000
0741-063,J0744-06,J0744-0629,07:44:21.660500,-06:29:35.8880000
0742+103,J0745+10,J0745+1011,07:45:33.059509, 10:11:12.6933430
0742+318,J0745+31,J0745+3142,07:45:41.666500, 31:42:56.6090000
0743-006,J0745-00,J0745-0044,07:45:54.082310,-00:44:17.5386330
0743+259,J0746+25,J0746+2549,07:46:25.874193, 25:49:02.1354970
0745-330,J0747-33,J0747-3310,07:47:19.688300,-33:10:47.1270000
0745+241,J0748+24,J0748+2400,07:48:36.109283, 24:00:24.1108650
0748-440,J0749-44,J0749-4412,07:49:42.255600,-44:12:29.5190000
0748+126,J0750+12,J0750+1231,07:50:52.045734, 12:31:04.8290490
0746+483,J0750+48,J0750+4814,07:50:20.426700, 48:14:53.6710000
0748+333,J0751+33,J0751+3313,07:51:53.672300, 33:13:19.7720000
0749+540,J0753+53,J0753+5352,07:53:01.384588, 53:52:59.6376040
0754+100,J0757+09,J0757+0956,07:57:06.642928, 09:56:34.8526950
0758+143,J0801+14,J0801+1414,08:01:33.501000, 14:14:42.4060000
0759+183,J0802+18,J0802+1809,08:02:48.023800, 18:09:49.3020000
0802+103,J0804+10,J0804+1015,08:04:47.954600, 10:15:22.5480000
0802-276,J0804-27,J0804-2749,08:04:51.440400,-27:49:11.3160000
0804-267,J0806-26,J0806-2652,08:06:12.718600,-26:52:33.2450000
0805+410,J0808+40,J0808+4052,08:08:56.652054, 40:52:44.8895570
0804+499,J0808+49,J0808+4950,08:08:39.666286, 49:50:36.5310130
0805-077,J0808-07,J0808-0751,08:08:15.536027,-07:51:09.8853880
0808+019,J0811+01,J0811+0146,08:11:26.707315, 01:46:52.2210850
0809-493,J0811-49,J0811-4929,08:11:08.802634,-49:29:43.5075300
0809+483,J0813+48,J0813+4813,08:13:36.051800, 48:13:02.2620000
0810+460,0810+461,J0814+4556,08:14:30.307000, 45:56:39.4900000
0812-354,0812-355,J0814-3538,08:14:14.646300,-35:38:25.5930000
0812+367,J0815+36,J0815+3635,08:15:25.944845, 36:35:15.1489060
0812-029,J0815-03,J0815-0308,08:15:27.834000,-03:08:26.8470000
0814+425,J0818+42,J0818+4222,08:18:15.999625, 42:22:45.4155080
0818-128,J0820-12,J0820-1258,08:20:57.447594,-12:58:59.1680760
0818+472,J0821+47,J0821+4702,08:21:33.823200, 47:02:37.0680000
0821+394,J0824+39,J0824+3916,08:24:55.483868, 39:16:41.9048420
0820+560,J0824+55,J0824+5552,08:24:47.236374, 55:52:42.6698880
0823+033,J0825+03,J0825+0309,08:25:50.338356, 03:09:24.5210420
0821+621,J0825+61,J0825+6157,08:25:38.612190, 61:57:28.5795690
0823-500,J0825-50,J0825-5010,08:25:26.868895,-50:10:38.4868010
0823-223,J0826-22,J0826-2230,08:26:01.572976,-22:30:27.2026860
0825-202,J0827-20,J0827-2026,08:27:17.208100,-20:26:21.7160000
0826-373,J0828-37,J0828-3731,08:28:04.780256,-37:31:06.2798370
0827+243,J0830+24,J0830+2410,08:30:52.086193, 24:10:59.8211940
0829+046,J0831+04,J0831+0429,08:31:48.876965, 04:29:39.0863490
0829+187,J0832+18,J0832+1832,08:32:16.043500, 18:32:12.1150000
0828+493,J0832+49,J0832+4913,08:32:23.216705, 49:13:21.0387570
0831-445,J0833-44,J0833-4441,08:33:22.315746,-44:41:38.7174640
0831+557,J0834+55,J0834+5534,08:34:54.904018, 55:34:21.0711650
0833-450,J0835-45,J0835-4510,08:35:20.655197,-45:10:35.1532400
0834-201,J0836-20,J0836-2016,08:36:39.215206,-20:16:59.5019950
0834+250,J0837+24,J0837+2454,08:37:40.247200, 24:54:23.0930000
0833+585,J0837+58,J0837+5825,08:37:22.409744, 58:25:01.8455830
0834-196,J0837-19,J0837-1951,08:37:11.182000,-19:51:56.8100000
0837+035,J0839+03,J0839+0319,08:39:49.192600, 03:19:53.6760000
0838+133,J0840+13,J0840+1312,08:40:47.684800, 13:12:23.8790000
0836+710,J0841+70,J0841+7053,08:41:24.365267, 70:53:42.1736760
0842-754,J0841-75,J0841-7540,08:41:27.034872,-75:40:27.8702750
0839+187,J0842+18,J0842+1835,08:42:05.094177, 18:35:40.9910390
0843-259,J0846-26,J0846-2610,08:46:00.721000,-26:10:53.9880000
0850-206,J0853-20,J0853-2047,08:53:00.265900,-20:47:28.0940000
0851+202,J0854+20,J0854+2006,08:54:48.874931, 20:06:30.6415230
0850+581,J0854+57,J0854+5757,08:54:41.996391, 57:57:29.9397680
0855+143,J0858+14,J0858+1409,08:58:41.551800, 14:09:44.6260000
0859-140,J0902-14,J0902-1415,09:02:16.830885,-14:15:30.8741630
0859+470,J0903+46,J0903+4651,09:03:03.990124, 46:51:04.1378670
0859+681,J0903+67,J0903+6757,09:03:53.158700, 67:57:22.7310000
0906+015,J0909+01,J0909+0121,09:09:10.091599, 01:21:35.6184920
0906+430,0906+432,J0909+4253,09:09:33.471100, 42:53:46.4750000
0912+029,J0914+02,J0914+0245,09:14:37.913410, 02:45:59.2476920
0912+297,J0915+29,J0915+2933,09:15:52.401634, 29:33:24.0432970
0913+391,J0916+38,J0916+3854,09:16:48.900000, 38:54:28.1290000
0917+449,J0920+44,J0920+4441,09:20:58.458496, 44:41:53.9854620
0917+624,J0921+62,J0921+6215,09:21:36.231113, 62:15:52.1807140
0919-260,J0921-26,J0921-2618,09:21:29.353842,-26:18:43.3851280
0920-397,J0922-39,J0922-3959,09:22:46.418259,-39:59:35.0663530
0920+390,J0923+38,J0923+3849,09:23:14.452998, 38:49:39.9097400
0922+005,J0925+00,J0925+0019,09:25:07.822500, 00:19:13.8520000
0923+392,4C39.25,J0927+3902,09:27:03.013918, 39:02:20.8524860
0925-203,J0927-20,J0927-2034,09:27:51.824310,-20:34:51.2313390
0936-853,J0930-85,J0930-8533,09:30:32.569710,-85:33:59.6924900
0929+533,J0932+53,J0932+5306,09:32:41.162600, 53:06:33.7200000
0931+834,J0939+83,J0939+8315,09:39:23.584900, 83:15:27.1700000
0941-080,J0943-08,J0943-0819,09:43:36.948000,-08:19:30.8570000
0941+522,J0944+52,J0944+5202,09:44:52.162900, 52:02:34.0980000
0945+408,J0948+40,J0948+4039,09:48:55.338173, 40:39:44.5876390
0945+664,J0949+66,J0949+6614,09:49:12.210000, 66:14:59.3210000
0952+179,J0954+17,J0954+1743,09:54:56.823624, 17:43:31.2226560
0951+692,J0955+69,J0955+6901,09:55:24.774818, 69:01:13.7030040
0951+693,M81,J0955+6903,09:55:33.173103, 69:03:55.0616340
0953+254,J0956+25,J0956+2515,09:56:49.875374, 25:15:16.0502450
0954+556,J0957+55,J0957+5522,09:57:38.170000, 55:22:58.0000000
0955+326,J0958+32,J0958+3224,09:58:20.949652, 32:24:02.2098830
0955+476,J0958+47,J0958+4725,09:58:19.671667, 47:25:07.8429590
0954+658,J0958+65,J0958+6533,09:58:47.245152, 65:33:54.8184620
J1001-44,,J1001-4437,10:01:59.913200,-44:37:59.9350000
0959-443,,J1001-4438,10:01:59.907578,-44:38:00.6027090
1003+351,J1006+34,J1006+3454,10:06:01.770000, 34:54:10.3400000
1004-500,J1006-50,J1006-5018,10:06:14.009081,-50:18:13.4640460
1004+141,J1007+13,J1007+1356,10:07:41.498077, 13:56:29.6017360
1004-018,J1007-02,J1007-0207,10:07:04.347000,-02:07:10.9200000
1005+077,J1008+07,J1008+0730,10:08:00.016000, 07:30:16.5520000
1003+830,J1010+82,J1010+8250,10:10:15.868400, 82:50:14.4740000
1008+066,J1011+06,J1011+0624,10:11:00.000000, 06:24:23.8000000
1011+250,J1013+24,J1013+2449,10:13:53.428738, 24:49:16.4416430
1010+350,J1013+34,J1013+3445,10:13:49.613700, 34:45:50.6390000
1012+232,J1014+23,J1014+2301,10:14:47.065464, 23:01:16.5713960
1013+208,J1016+20,J1016+2037,10:16:44.325100, 20:37:47.3360000
1014+615,J1017+61,J1017+6116,10:17:25.887573, 61:16:27.4971490
1015+359,J1018+35,J1018+3542,10:18:10.989300, 35:42:39.3850000
1015-314,J1018-31,J1018-3144,10:18:09.276200,-31:44:14.1070000
1017-426,J1020-42,J1020-4251,10:20:03.354700,-42:51:41.5360000
1019+222,J1021+21,J1021+2159,10:21:54.528900, 21:59:30.4400000
1019+309,J1022+30,J1022+3041,10:22:30.299200, 30:41:04.9330000
1020+400,J1023+39,J1023+3948,10:23:11.565658, 39:48:15.3857410
1022+194,J1024+19,J1024+1912,10:24:44.809605, 19:12:20.4157280
1021-006,J1024-00,J1024-0052,10:24:29.586592,-00:52:55.4962040
1030+398,J1033+39,J1033+3935,10:33:22.070900, 39:35:50.9880000
1030+415,J1033+41,J1033+4116,10:33:03.707918, 41:16:06.2335280
1030+611,J1033+60,J1033+6051,10:33:51.430500, 60:51:07.2740000
1030-340,J1033-34,J1033-3418,10:33:13.086600,-34:18:45.4240000
1031+567,J1035+56,J1035+5628,10:35:07.039900, 56:28:46.7920000
1032-199,J1035-20,J1035-2011,10:35:02.155311,-20:11:34.3583950
1034-293,J1037-29,J1037-2934,10:37:16.079706,-29:34:02.8122970
1036-154,J1039-15,J1039-1541,10:39:06.709300,-15:41:06.6410000
1039+029,J1041+02,J1041+0242,10:41:38.881900, 02:42:30.8160000
1038+064,J1041+06,J1041+0610,10:41:17.162502, 06:10:16.9244580
J1041+52,,J1041+5233,10:41:46.781677, 52:33:28.2318480
1039-474,J1041-47,J1041-4740,10:41:42.939907,-47:40:06.5263230
1040+123,3C245,J1042+1203,10:42:44.605213, 12:03:31.2640740
1042+071,J1044+06,J1044+0655,10:44:55.911255, 06:55:38.2634320
1039+811,J1044+80,J1044+8054,10:44:23.062704, 80:54:39.4432950
1044+719,J1048+71,J1048+7143,10:48:27.619936, 71:43:35.9387780
1045-188,J1048-19,J1048-1909,10:48:06.620534,-19:09:35.7261510
1049+215,J1051+21,J1051+2119,10:51:48.789070, 21:19:52.3142620
1048-313,J1051-31,J1051-3138,10:51:04.777581,-31:38:14.3072380
1053+704,J1056+70,J1056+7011,10:56:53.617638, 70:11:45.9161870
1055-242,J1057-24,J1057-2433,10:57:55.415500,-24:33:48.8610000
1055+018,J1058+01,J1058+0133,10:58:29.605209, 01:33:58.8243680
1053+815,J1058+81,J1058+8114,10:58:11.535503, 81:14:32.6753310
1057-797,J1058-80,J1058-8003,10:58:43.309624,-80:03:54.1592670
1059+282,J1102+27,J1102+2757,11:02:14.285100, 27:57:08.4960000
1100+223,J1103+22,J1103+2203,11:03:23.069000, 22:03:37.4820000
1101-325,J1103-32,J1103-3251,11:03:31.526423,-32:51:16.6883470
1101-536,J1103-53,J1103-5357,11:03:52.221626,-53:57:00.6964710
1101+384,J1104+38,J1104+3812,11:04:27.323100, 38:12:31.6470000
1103-208,J1106-21,J1106-2108,11:06:22.320000,-21:08:59.6420000
1104+167,J1107+16,J1107+1628,11:07:15.310000, 16:28:23.7000000
1104-445,J1107-44,J1107-4449,11:07:08.694117,-44:49:07.6180090
1105-680,J1107-68,J1107-6820,11:07:12.694458,-68:20:50.7297590
1108+201,J1111+19,J1111+1955,11:11:20.069400, 19:55:35.9500000
1110-217,J1112-21,J1112-2158,11:12:49.865700,-21:58:29.5530000
1111+149,J1113+14,J1113+1442,11:13:58.695095, 14:42:26.9532050
1111+408,J1114+40,J1114+4037,11:14:38.520000, 40:37:19.8600000
1116+128,J1118+12,J1118+1234,11:18:57.301441, 12:34:41.7185630
1116-462,J1118-46,J1118-4634,11:18:26.957575,-46:34:15.0017700
1116-027,J1119-03,J1119-0302,11:19:25.300000,-03:02:51.3200000
1117+146,J1120+14,J1120+1420,11:20:27.808300, 14:20:54.9290000
1118+237,J1120+23,J1120+2327,11:20:42.910000, 23:27:59.7000000
1117-248,J1120-25,J1120-2508,11:20:09.124700,-25:08:07.5800000
1119+183,J1122+18,J1122+1805,11:22:29.711300, 18:05:26.2360000
1120+057,J1123+05,J1123+0530,11:23:09.120600, 05:30:20.7740000
1123+264,J1125+26,J1125+2610,11:25:53.711941, 26:10:19.9790290
1124-186,J1127-18,J1127-1857,11:27:04.392417,-18:57:17.4406340
1125+596,J1128+59,J1128+5925,11:28:13.340775, 59:25:14.8002560
1128+385,J1130+38,J1130+3815,11:30:53.282631, 38:15:18.5474450
1127-145,J1130-14,J1130-1449,11:30:07.052597,-14:49:27.3876380
1128-047,J1131-05,J1131-0500,11:31:30.516687,-05:00:19.6562190
1129-580,J1131-58,J1131-5818,11:31:43.287464,-58:18:53.4382480
1130+009,J1133+00,J1133+0040,11:33:20.055767, 00:40:52.8377490
1137+660,J1139+65,J1139+6547,11:39:58.541800, 65:47:46.4540000
1136-135,J1139-13,J1139-1350,11:39:10.830300,-13:50:46.5290000
1140-114,J1142-11,J1142-1141,11:42:35.005900,-11:41:47.8380000
1140+223,J1143+22,J1143+2206,11:43:25.089300, 22:06:56.0690000
1143+500,J1145+49,J1145+4946,11:45:43.374800, 49:46:08.0620000
1142-225,J1145-22,J1145-2250,11:45:22.054400,-22:50:31.3710000
1144+402,J1146+39,J1146+3958,11:46:58.297935, 39:58:34.3048740
1144+542,J1146+53,J1146+5356,11:46:44.206700, 53:56:42.9850000
1143-245,J1146-24,J1146-2447,11:46:08.103399,-24:47:32.8961600
1143-287,J1146-28,J1146-2859,11:46:26.199400,-28:59:18.6680000
1145-071,J1147-07,J1147-0724,11:47:51.554024,-07:24:41.1402780
1144-379,J1147-38,J1147-3812,11:47:01.370678,-38:12:11.0228640
1147+245,J1150+24,J1150+2417,11:50:19.212231, 24:17:53.8353840
1148-001,J1150-00,J1150-0023,11:50:43.870766,-00:23:54.2041360
1148-671,J1151-67,J1151-6728,11:51:13.426520,-67:28:11.0939380
1150+497,J1153+49,J1153+4931,11:53:24.466661, 49:31:08.8304730
1150+812,J1153+80,J1153+8058,11:53:12.499369, 80:58:29.1546940
1151-348,J1154-35,J1154-3505,11:54:21.794900,-35:05:28.9920000
1153+317,J1156+31,J1156+3128,11:56:18.732100, 31:28:04.3050000
1155+251,J1158+24,J1158+2450,11:58:25.787512, 24:50:17.9638630
1156+295,J1159+29,J1159+2914,11:59:31.833925, 29:14:43.8272360
1156-094,J1159-09,J1159-0940,11:59:12.711699,-09:40:52.0485880
1157-215,J1159-21,J1159-2148,11:59:51.906300,-21:48:53.8080000
1156-221,J1159-22,J1159-2228,11:59:11.298700,-22:28:37.0890000
1157+732,J1200+73,J1200+7300,12:00:19.025200, 73:00:45.2070000
1202-262,1203-262,J1205-2634,12:05:33.218900,-26:34:04.4800000
1203+645,J1206+64,J1206+6414,12:06:24.711200, 64:14:40.9390000
1204+281,J1207+27,J1207+2754,12:07:27.901100, 27:54:58.6190000
1206+439,J1209+43,J1209+4339,12:09:13.425600, 43:39:17.6280000
1206-238,J1209-24,J1209-2406,12:09:02.457000,-24:06:20.7900000
1206-399,J1209-40,J1209-4016,12:09:35.243557,-40:16:13.0979660
1213+350,J1215+34,J1215+3448,12:15:55.601082, 34:48:15.2210310
1213-172,J1215-17,J1215-1731,12:15:46.751701,-17:31:45.4031790
1215+303,J1217+30,J1217+3007,12:17:52.081993, 30:07:00.6363670
1214+588,J1217+58,J1217+5835,12:17:11.027000, 58:35:26.3050000
1215-457,J1218-46,J1218-4600,12:18:06.250790,-46:00:28.9999260
1216+487,J1219+48,J1219+4829,12:19:06.414770, 48:29:56.1650580
1219+285,J1221+28,J1221+2813,12:21:31.690514, 28:13:58.5004120
1219+044,J1222+04,J1222+0413,12:22:22.549610, 04:13:15.7768330
1221+809,J1223+80,J1223+8040,12:23:40.493935, 80:40:04.3404220
1222+037,J1224+03,J1224+0330,12:24:52.421890, 03:30:50.2938310
1221-829,J1224-83,J1224-8313,12:24:54.382591,-83:13:10.1068140
1225+368,J1227+36,J1227+3635,12:27:58.732500, 36:35:11.9130000
1226+373,J1228+37,J1228+3706,12:28:47.423683, 37:06:12.0959660
1226+023,3C273,J1229+0203,12:29:06.699700, 02:03:08.5980000
1228+126,3C274,J1230+1223,12:30:49.423397, 12:23:28.0442240
1232-416,J1235-41,J1235-4153,12:35:41.995900,-41:53:13.1050000
1234-504,J1237-50,J1237-5046,12:37:15.239025,-50:46:23.1723120
1236+077,J1239+07,J1239+0730,12:39:24.588320, 07:30:17.1898820
1237-101,J1239-10,J1239-1023,12:39:43.068100,-10:23:28.7650000
1236-684,J1239-68,J1239-6845,12:39:46.651443,-68:45:30.8932300
1240+381,J1242+37,J1242+3751,12:42:51.369156, 37:51:00.0253130
1239-044,J1242-04,J1242-0446,12:42:19.529400,-04:46:18.9080000
1242+410,J1244+40,J1244+4048,12:44:49.195500, 40:48:06.2190000
1243-072,J1246-07,J1246-0730,12:46:04.232091,-07:30:46.5740890
1244-255,J1246-25,J1246-2547,12:46:46.802013,-25:47:49.2882000
1245-197,J1248-19,J1248-1959,12:48:23.903400,-19:59:18.6620000
1250+568,J1252+56,J1252+5634,12:52:26.387300, 56:34:19.4130000
1252+119,J1254+11,J1254+1141,12:54:38.255596, 11:41:05.8954410
1251-713,J1254-71,J1254-7138,12:54:59.921318,-71:38:18.4364010
1254+476,J1256+47,J1256+4720,12:56:57.230500, 47:20:19.8160000
1253-055,3C279,J1256-0547,12:56:11.166501,-05:47:21.5237460
1255-316,J1257-31,J1257-3155,12:57:59.060780,-31:55:16.8516770
1256-220,J1258-22,J1258-2219,12:58:54.477200,-22:19:31.1810000
1257+145,J1300+14,J1300+1417,13:00:20.918835, 14:17:18.5309750
1300+580,J1302+57,J1302+5748,13:02:52.465363, 57:48:37.6099890
1302-102,J1305-10,J1305-1033,13:05:33.014988,-10:33:19.4273010
1306+660,J1308+65,J1308+6544,13:08:22.416500, 65:44:11.7810000
1306-095,J1308-09,J1308-0950,13:08:39.169000,-09:50:32.6800000
1307+121,J1309+11,J1309+1154,13:09:33.932407, 11:54:24.5525110
1308+326,J1310+32,J1310+3220,13:10:28.663862, 32:20:43.7830960
1308-220,J1311-22,J1311-2216,13:11:39.334700,-22:16:41.7480000
1311+678,J1313+67,J1313+6735,13:13:27.984800, 67:35:50.3760000
1313-333,J1316-33,J1316-3338,13:16:07.985929,-33:38:59.1720540
1315+346,J1317+34,J1317+3425,13:17:36.494217, 34:25:15.9325410
1318+113,J1321+11,J1321+1106,13:21:18.812100, 11:06:49.5040000
1322+835,J1321+83,J1321+8316,13:21:45.615000, 83:16:13.6010000
1323+799,J1323+79,J1323+7942,13:23:51.587700, 79:42:51.8680000
1320-446,J1323-44,J1323-4452,13:23:04.245888,-44:52:33.8533130
1322-427,CEN-A,J1325-4301,13:25:27.615198,-43:01:08.8018000
1323+321,J1326+31,J1326+3154,13:26:16.511580, 31:54:09.5203120
1324+224,J1327+22,J1327+2210,13:27:00.861320, 22:10:50.1631850
1328+254,J1330+25,J1330+2509,13:30:37.689200, 25:09:10.9780000
1328+307,3C286,J1331+3030,13:31:08.288159, 30:30:32.9595910
1329-665,J1332-66,J1332-6646,13:32:37.523529,-66:46:50.3856770
1334-127,J1337-12,J1337-1257,13:37:39.782761,-12:57:24.6925930
1334-649,J1337-65,J1337-6509,13:37:52.444698,-65:09:24.8973330
1336+391,J1338+38,J1338+3851,13:38:49.779700, 38:51:11.8500000
1335-061,J1338-06,J1338-0627,13:38:08.197100,-06:27:08.8180000
1336-260,J1339-26,J1339-2620,13:39:19.894400,-26:20:30.3370000
1338+381,J1340+37,J1340+3754,13:40:22.951859, 37:54:43.8345220
1340+606,J1342+60,J1342+6021,13:42:13.024900, 60:21:42.4850000
1342+662,J1343+66,J1343+6602,13:43:45.959599, 66:02:25.7451020
1341+144,J1344+14,J1344+1409,13:44:23.742100, 14:09:14.8560000
1342+663,J1344+66,J1344+6606,13:44:08.679743, 66:06:11.6437350
1343+500,J1345+49,J1345+4946,13:45:26.374200, 49:46:32.9240000
1345+125,J1347+12,J1347+1217,13:47:33.361668, 12:17:24.2383460
1344-078,J1347-08,J1347-0803,13:47:01.644000,-08:03:22.4210000
1347+539,J1349+53,J1349+5341,13:49:34.656689, 53:41:17.0402180
1346-391,J1349-39,J1349-3922,13:49:51.167500,-39:22:50.2680000
1349-145,J1351-14,J1351-1449,13:51:52.650300,-14:49:14.8870000
1350+316,J1352+31,J1352+3126,13:52:17.840700, 31:26:46.6800000
1349-439,J1352-44,J1352-4412,13:52:56.534897,-44:12:40.3871460
1351-018,J1354-02,J1354-0206,13:54:06.895297,-02:06:03.1902970
1352-632,J1355-63,J1355-6326,13:55:46.611259,-63:26:42.5757940
1353-341,J1356-34,J1356-3421,13:56:05.392200,-34:21:10.8390000
1354+195,J1357+19,J1357+1919,13:57:04.436673, 19:19:07.3723840
1357+769,J1357+76,J1357+7643,13:57:55.371635, 76:43:21.0511650
1354-152,J1357-15,J1357-1527,13:57:11.244956,-15:27:28.7860570
1354-174,J1357-17,J1357-1744,13:57:06.083000,-17:44:01.8170000
1355-416,J1359-41,J1359-4152,13:59:00.183182,-41:52:52.6317210
1358+624,J1400+62,J1400+6210,14:00:28.652600, 62:10:38.5260000
1402+660,J1404+65,J1404+6551,14:04:05.276000, 65:51:37.5160000
1402-012,J1404-01,J1404-0130,14:04:45.895363,-01:30:21.9490620
1402+044,J1405+04,J1405+0415,14:05:01.119805, 04:15:35.8196530
1404+286,J1407+28,J1407+2827,14:07:00.394423, 28:27:14.6900470
1406-076,J1408-07,J1408-0752,14:08:56.481178,-07:52:26.6657770
1406-267,J1409-26,J1409-2657,14:09:50.171200,-26:57:36.7350000
1409+218,J1411+21,J1411+2134,14:11:54.862122, 21:34:23.4377710
1409+524,J1411+52,J1411+5212,14:11:20.647700, 52:12:09.1410000
1413+135,J1415+13,J1415+1320,14:15:58.817497, 13:20:23.7131840
1413+349,J1416+34,J1416+3444,14:16:04.191400, 34:44:36.3210000
1415+463,J1417+46,J1417+4607,14:17:08.158400, 46:07:05.4320000
1416+067,J1419+06,J1419+0628,14:19:08.180375, 06:28:34.8050040
1417+273,J1419+27,J1419+2706,14:19:59.297058, 27:06:25.5528700
1418+546,J1419+54,J1419+5423,14:19:46.597443, 54:23:14.7871350
1419+419,J1421+41,J1421+4144,14:21:05.880000, 41:44:49.4900000
1420+326,J1422+32,J1422+3223,14:22:30.379000, 32:23:10.4396450
1422-297,J1425-29,J1425-2959,14:25:29.116200,-29:59:54.3310000
1424+240,J1427+23,J1427+2348,14:27:00.391818, 23:48:00.0360120
1424-418,J1427-42,J1427-4206,14:27:56.297535,-42:06:19.4373660
1425-274,J1428-27,J1428-2741,14:28:28.193100,-27:41:51.0420000
1427+543,J1429+54,J1429+5406,14:29:21.883400, 54:06:11.0750000
1427+109,J1430+10,J1430+1043,14:30:09.741100, 10:43:26.8430000
1430-178,J1432-18,J1432-1801,14:32:57.690563,-18:01:35.2476390
1430-155,J1433-15,J1433-1548,14:33:21.468200,-15:48:44.5990000
1432+200,J1434+19,J1434+1952,14:34:39.793419, 19:52:00.7386480
1433+304,J1435+30,J1435+3012,14:35:35.402126, 30:12:24.5199850
1434+235,J1436+23,J1436+2321,14:36:40.981900, 23:21:03.2670000
1435+638,J1436+63,J1436+6336,14:36:45.802177, 63:36:37.8664550
1437+624,J1438+62,J1438+6211,14:38:44.787300, 62:11:54.3970000
1435-218,J1438-22,J1438-2204,14:38:09.469373,-22:04:54.7474140
1437-153,J1439-15,J1439-1531,14:39:56.884700,-15:31:50.5380000
1436-167,J1439-16,J1439-1659,14:39:28.674900,-16:59:03.0820000
1441+252,J1443+25,J1443+2501,14:43:56.930000, 25:01:54.5000000
1442+101,J1445+09,J1445+0958,14:45:16.465178, 09:58:36.0722470
1443-162,J1445-16,J1445-1629,14:45:53.376286,-16:29:01.6185450
1444+175,J1446+17,J1446+1721,14:46:35.346800, 17:21:07.5450000
1448+762,J1448+76,J1448+7601,14:48:28.779222, 76:01:11.5972110
1445-161,J1448-16,J1448-1620,14:48:15.054139,-16:20:24.5485950
1448+634,J1449+63,J1449+6316,14:49:21.715300, 63:16:14.4650000
1451-375,J1454-37,J1454-3747,14:54:27.409760,-37:47:33.1439320
1451-400,J1454-40,J1454-4012,14:54:32.912312,-40:12:32.5139470
1458+718,3C309.1,J1459+7140,14:59:07.583913, 71:40:19.8680020
1459+480,J1500+47,J1500+4751,15:00:48.654251, 47:51:15.5381530
1502+106,J1504+10,J1504+1029,15:04:24.979782, 10:29:39.1986810
1502+036,J1505+03,J1505+0326,15:05:06.477193, 03:26:30.8131960
1504+377,J1506+37,J1506+3730,15:06:09.529980, 37:30:51.1323550
1504-166,J1507-16,J1507-1652,15:07:04.786918,-16:52:30.2668690
1508+572,J1510+57,J1510+5702,15:10:02.922418, 57:02:43.3755950
1508-055,J1510-05,J1510-0543,15:10:53.551100,-05:43:06.4120000
1510-089,J1512-09,J1512-0905,15:12:50.532909,-09:05:59.8291700
1511+238,J1513+23,J1513+2338,15:13:40.185900, 23:38:35.1850000
1511-100,J1513-10,J1513-1012,15:13:44.893429,-10:12:00.2639340
1511-210,J1513-21,J1513-2114,15:13:56.981100,-21:14:57.3780000
1514+197,J1516+19,J1516+1932,15:16:56.796207, 19:32:12.9918430
1514-241,J1517-24,J1517-2422,15:17:41.813114,-24:22:19.4755780
1517+204,J1520+20,J1520+2016,15:20:05.489700, 20:16:05.6110000
1519-273,J1522-27,J1522-2730,15:22:37.675968,-27:30:10.7851340
1524-136,J1526-13,J1526-1351,15:26:59.444500,-13:51:00.1350000
1532+016,J1534+01,J1534+0131,15:34:52.453667, 01:31:04.2067200
1535+004,J1538+00,J1538+0019,15:38:15.962800, 00:19:05.2910000
1538+149,J1540+14,J1540+1447,15:40:49.491512, 14:47:45.8848530
1540-077,J1543-07,J1543-0757,15:43:01.700500,-07:57:06.6590000
1543+005,J1546+00,J1546+0026,15:46:09.531700, 00:26:24.6450000
1546+027,J1549+02,J1549+0237,15:49:29.436834, 02:37:01.1636260
1547+215,J1549+21,J1549+2125,15:49:49.023600, 21:25:38.8560000
1547+507,J1549+50,J1549+5038,15:49:17.468573, 50:38:05.7881060
1548+056,J1550+05,J1550+0527,15:50:35.269238, 05:27:10.4484040
1540-828,J1550-82,J1550-8258,15:50:59.143391,-82:58:06.8437900
1551+130,J1553+12,J1553+1256,15:53:32.698500, 12:56:51.6640000
1550-269,J1554-27,J1554-2704,15:54:02.000000,-27:04:34.2000000
1553+202,J1556+20,J1556+2004,15:56:10.018100, 20:04:20.4520000
1549-790,J1556-79,J1556-7914,15:56:58.869736,-79:14:04.2814380
1555+001,J1557-00,J1557-0001,15:57:51.433956,-00:01:50.4136120
1555-140,J1558-14,J1558-1409,15:58:21.949526,-14:09:59.0707740
1557+032,J1559+03,J1559+0304,15:59:30.972622, 03:04:48.2571450
1600+335,J1602+33,J1602+3326,16:02:07.263484, 33:26:53.0725670
1602+014,J1604+01,J1604+0117,16:04:45.291700, 01:17:51.2220000
1600-445,J1604-44,J1604-4441,16:04:31.024660,-44:41:31.9088820
1602-174,J1605-17,J1605-1734,16:05:02.192600,-17:34:14.4060000
1604+315,J1606+31,J1606+3124,16:06:08.518900, 31:24:46.4360000
1604-333,J1607-33,J1607-3331,16:07:34.762371,-33:31:08.9134320
1606+106,J1608+10,J1608+1029,16:08:46.203178, 10:29:07.7758980
1607+268,CTD93,J1609+2641,16:09:13.320853, 26:41:29.0378000
1611+343,J1613+34,J1613+3412,16:13:41.064262, 34:12:47.9089160
1614+051,J1616+04,J1616+0459,16:16:37.556808, 04:59:32.7367710
1615+029,J1617+02,J1617+0246,16:17:49.914700, 02:46:43.0950000
1610-771,J1617-77,J1617-7717,16:17:49.276264,-77:17:18.4677240
1616+063,J1619+06,J1619+0613,16:19:03.687677, 06:13:02.2437560
1621-115,J1623-11,J1623-1140,16:23:59.517000,-11:40:43.7900000
1619-680,J1624-68,J1624-6809,16:24:18.437075,-68:09:12.4983060
1624+416,J1625+41,J1625+4134,16:25:57.669731, 41:34:40.6291770
1622-253,J1625-25,J1625-2527,16:25:46.891621,-25:27:38.3263890
1622-310,J1625-31,J1625-3108,16:25:55.438100,-31:08:08.3410000
1622-297,J1626-29,J1626-2951,16:26:06.020872,-29:51:26.9712070
1629+680,J1629+67,J1629+6757,16:29:51.844000, 67:57:14.9480000
1637+826,J1632+82,J1632+8232,16:32:32.012600, 82:32:16.4040000
1634+628,J1634+62,J1634+6245,16:34:33.802900, 62:45:35.9030000
1633+38,1633+382,J1635+3808,16:35:15.492982, 38:08:04.5004720
1636+473,J1637+47,J1637+4717,16:37:45.136200, 47:17:33.8010000
1637+574,J1638+57,J1638+5720,16:38:13.456324, 57:20:23.9788860
1637+626,J1638+62,J1638+6234,16:38:28.205800, 62:34:44.3180000
1654+866,J1639+86,J1639+8631,16:39:25.118400, 86:31:53.1940000
1638+124,J1640+12,J1640+1220,16:40:47.934200, 12:20:02.1260000
1638+398,J1640+39,J1640+3946,16:40:29.632784, 39:46:46.0284500
1641+399,3C345,J1642+3948,16:42:58.809900, 39:48:36.9930000
1642+690,J1642+68,J1642+6856,16:42:07.848568, 68:56:39.7561840
1643-223,J1646-22,J1646-2227,16:46:04.733500,-22:27:59.9030000
1647-296,J1650-29,J1650-2943,16:50:39.544182,-29:43:46.9553180
1648+015,J1651+01,J1651+0129,16:51:03.661800, 01:29:23.4760000
1652+398,DA426,J1653+3945,16:53:52.216709, 39:45:36.6091420
1656+571,J1657+57,J1657+5705,16:57:20.760000, 57:05:53.7000000
1656+053,J1658+05,J1658+0515,16:58:33.447338, 05:15:16.4443000
1655+077,J1658+07,J1658+0741,16:58:09.011471, 07:41:27.5404990
1656+348,J1658+34,J1658+3443,16:58:01.419193, 34:43:28.4020960
1656+477,J1658+47,J1658+4737,16:58:02.779594, 47:37:49.2311520
1657-261,J1700-26,J1700-2610,17:00:53.154030,-26:10:51.7248730
1657-298,J1701-29,J1701-2954,17:01:09.759900,-29:54:39.2290000
1705+018,J1707+01,J1707+0148,17:07:34.415264, 01:48:45.6994130
1705+456,J1707+45,J1707+4536,17:07:17.753319, 45:36:10.5518350
1706-174,J1709-17,J1709-1728,17:09:34.345371,-17:28:53.3646200
1709+460,J1710+46,J1710+4601,17:10:44.051600, 46:01:29.5880000
1709-281,J1712-28,J1712-2809,17:12:57.005500,-28:09:33.0560000
1711-251,J1714-25,J1714-2514,17:14:47.827000,-25:14:35.1000000
1714+219,J1716+21,J1716+2152,17:16:11.190400, 21:52:13.6530000
1716+686,J1716+68,J1716+6836,17:16:13.947500, 68:36:38.7060000
1717+178,J1719+17,J1719+1745,17:19:13.048481, 17:45:06.4368090
1719+356,1719+357,J1721+3542,17:21:09.489300, 35:42:16.0440000
1718-649,J1723-65,J1723-6500,17:23:41.029758,-65:00:36.6148870
1726+455,J1727+45,J1727+4530,17:27:27.650826, 45:30:39.7312390
1725+044,J1728+04,J1728+0427,17:28:24.952738, 04:27:04.9134640
1725+123,J1728+12,J1728+1215,17:28:07.050700, 12:15:39.4630000
1727+502,J1728+50,J1728+5013,17:28:18.623917, 50:13:10.4697780
1730-130,J1733-13,J1733-1304,17:33:02.705774,-13:04:49.5479510
1732+094,J1734+09,J1734+0926,17:34:58.381500, 09:26:58.2610000
1732+389,J1734+38,J1734+3857,17:34:20.578545, 38:57:51.4427910
1734+508,J1735+50,J1735+5049,17:35:49.005192, 50:49:11.5655060
1734+063,J1737+06,J1737+0621,17:37:13.729800, 06:21:03.5280000
1733-565,J1737-56,J1737-5634,17:37:35.770466,-56:34:03.1558680
1738+476,J1739+47,J1739+4737,17:39:57.129082, 47:37:58.3612250
1738+499,J1739+49,J1739+4955,17:39:27.390551, 49:55:03.3683220
1739+522,J1740+52,J1740+5211,17:40:36.977863, 52:11:43.4072760
1741-038,J1743-03,J1743-0350,17:43:58.856133,-03:50:04.6165550
1741-312,J1744-31,J1744-3116,17:44:23.582900,-31:16:35.9740000
1740-517,J1744-51,J1744-5144,17:44:25.450600,-51:44:43.7923510
1743+173,J1745+17,J1745+1720,17:45:35.208176, 17:20:01.4233440
1745+624,J1746+62,J1746+6226,17:46:14.034152, 62:26:54.7381440
1746+470,J1747+46,J1747+4658,17:47:26.647303, 46:58:50.9262280
1749+701,J1748+70,J1748+7005,17:48:32.840195, 70:05:50.7686460
1749+096,J1751+09,J1751+0939,17:51:32.818573, 09:39:00.7283980
,,J1751-2523,17:51:51.265100,-25:23:59.8030000
1748-253,J1751-25,J1751-2524,17:51:51.262917,-25:24:00.0598460
1751+288,J1753+28,J1753+2848,17:53:42.473644, 28:48:04.9389510
1751+441,J1753+44,J1753+4409,17:53:22.647924, 44:09:45.6858370
1756+237,J1759+23,J1759+2343,17:59:00.352700, 23:43:46.9740000
1758+388,J1800+38,J1800+3848,18:00:24.765369, 38:48:30.6973550
1803+784,J1800+78,J1800+7828,18:00:45.683956, 78:28:04.0181560
1759+138,J1801+13,J1801+1351,18:01:38.899100, 13:51:23.7500000
1800+440,J1801+44,J1801+4404,18:01:32.314869, 44:04:21.9002230
1758-651,J1803-65,J1803-6507,18:03:23.496569,-65:07:36.7607080
1801+010,J1804+01,J1804+0101,18:04:15.980000, 01:01:31.9240000
1802+110,J1805+11,J1805+1101,18:05:06.445800, 11:01:31.6420000
1807+698,3C371,J1806+6949,18:06:50.680664, 69:49:28.1082940
1806+456,J1808+45,J1808+4542,18:08:21.885958, 45:42:20.8662260
1806-458,J1809-45,J1809-4552,18:09:57.871883,-45:52:41.0144540
1808-209,J1811-20,J1811-2055,18:11:06.800000,-20:55:03.4440000
1810-068,J1812-06,J1812-0648,18:12:50.900800,-06:48:24.7120000
1815-553,J1819-55,J1819-5521,18:19:45.399506,-55:21:20.7457540
1814-637,J1819-63,J1819-6345,18:19:35.002220,-63:45:48.1907620
1817-098,J1820-09,J1820-0947,18:20:38.107100,-09:47:17.0710000
1817-254,J1820-25,J1820-2528,18:20:57.850784,-25:28:12.5850410
1820+397,J1821+39,J1821+3945,18:21:59.699100, 39:45:59.5020000
1819-096,J1822-09,J1822-0938,18:22:28.704200,-09:38:56.8350000
1819-131,J1822-13,J1822-1309,18:22:10.903000,-13:09:44.2300000
1826+796,J1823+79,J1823+7938,18:23:14.108849, 79:38:49.0020750
1821+107,J1824+10,J1824+1044,18:24:02.855257, 10:44:23.7735540
1823+568,J1824+56,J1824+5651,18:24:07.068388, 56:51:01.4905190
1828+487,J1829+48,J1829+4844,18:29:31.738800, 48:44:46.9710000
1827-360,J1830-36,J1830-3602,18:30:58.882900,-36:02:30.1320000
1830+285,J1832+28,J1832+2833,18:32:50.185642, 28:33:35.9550700
1829-106,J1832-10,J1832-1035,18:32:20.843700,-10:35:11.3000000
1830-211,J1833-21,J1833-2103,18:33:39.930000,-21:03:40.7690000
1831-126,J1834-12,J1834-1237,18:34:19.216500,-12:37:40.9450000
1829-718,J1835-71,J1835-7149,18:35:37.204288,-71:49:58.2199970
1831-711,J1837-71,J1837-7108,18:37:28.714903,-71:08:43.5549130
1842+681,J1842+68,J1842+6809,18:42:33.641647, 68:09:25.2277010
1845+797,3C390.3,J1842+7946,18:42:08.989952, 79:46:17.1276660
1843+356,J1845+35,J1845+3541,18:45:35.104900, 35:41:16.6240000
1843+400,J1845+40,J1845+4007,18:45:11.123300, 40:07:51.5010000
1849+670,J1849+67,J1849+6705,18:49:16.072269, 67:05:41.6799660
1848+283,J1850+28,J1850+2825,18:50:27.590100, 28:25:13.1200000
1856+73,1856+736,J1854+7351,18:54:57.299953, 73:51:19.9071980
1857+129,J1859+12,J1859+1259,18:59:23.397200, 12:59:11.9210000
1901+319,3C395,J1902+3159,19:02:55.938896, 31:59:41.7016180
1859-235,J1902-23,J1902-2329,19:02:49.252500,-23:29:52.0840000
1908-201,J1911-20,J1911-2006,19:11:09.652865,-20:06:55.1086430
1903-802,J1912-80,J1912-8010,19:12:40.019085,-80:10:05.9466570
1920+154,J1922+15,J1922+1530,19:22:34.671000, 15:30:09.9800000
1920-211,J1923-21,J1923-2104,19:23:32.189804,-21:04:33.3329540
1922+155,J1924+15,J1924+1540,19:24:39.428000, 15:40:43.8900000
1922+333,J1924+33,J1924+3329,19:24:17.475700, 33:29:29.4840000
1921-293,J1924-29,J1924-2914,19:24:51.055946,-29:14:30.1206860
1923+210,J1925+21,J1925+2106,19:25:59.605373, 21:06:26.1619190
1926+611,J1927+61,J1927+6117,19:27:30.426600, 61:17:32.6890000
1928+738,J1927+73,J1927+7358,19:27:48.495197, 73:58:01.5696510
1926+087,J1928+08,J1928+0848,19:28:40.855610, 08:48:48.4156720
1925-610,J1930-60,J1930-6056,19:30:06.160002,-60:56:09.1844320
1929+226,J1931+22,J1931+2243,19:31:24.916782, 22:43:31.2587280
1932+204,J1935+20,J1935+2031,19:35:10.472906, 20:31:54.1533810
1933-400,J1937-39,J1937-3958,19:37:16.217337,-39:58:01.5525980
1937-101,J1939-10,J1939-1002,19:39:57.256546,-10:02:41.5190010
1936-155,J1939-15,J1939-1525,19:39:26.657724,-15:25:43.0578960
1934-638,J1939-63,J1939-6342,19:39:25.026194,-63:42:45.6254730
1935-692,J1940-69,J1940-6907,19:40:25.528210,-69:07:56.9718090
1939+103,J1941+10,J1941+1026,19:41:56.045300, 10:26:48.4830000
1938-155,J1941-15,J1941-1524,19:41:15.028900,-15:24:31.3090000
1936-623,J1941-62,J1941-6211,19:41:21.768389,-62:11:21.0555590
1943+228,J1946+23,J1946+2300,19:46:06.251888, 23:00:04.4111040
1947+079,J1950+08,J1950+0807,19:50:05.540300, 08:07:13.9810000
1951+355,J1953+35,J1953+3537,19:53:30.875734, 35:37:59.3601040
1954+513,J1955+51,J1955+5131,19:55:42.738281, 51:31:48.5459400
1950-613,J1955-61,J1955-6115,19:55:10.770328,-61:15:19.1397040
1953-077,J1956-07,J1956-0736,19:56:11.091000,-07:36:54.5670000
1953-325,J1956-32,J1956-3225,19:56:59.485800,-32:25:46.2770000
1955+335,J1957+33,J1957+3338,19:57:40.549988, 33:38:27.9443890
1954-388,J1957-38,J1957-3845,19:57:59.819248,-38:45:06.3561940
1958-179,J2000-17,J2000-1748,20:00:57.090439,-17:48:57.6723020
2000-330,J2003-32,J2003-3251,20:03:24.116251,-32:51:45.1320570
2007+777,J2005+77,J2005+7752,20:05:30.998493, 77:52:43.2473220
2005+642,J2006+64,J2006+6424,20:06:17.694550, 64:24:45.4179150
2005+403,J2007+40,J2007+4029,20:07:44.944817, 40:29:48.6039310
2004-447,J2007-44,J2007-4434,20:07:55.188000,-44:34:43.1020000
2007+520,J2008+52,J2008+5213,20:08:56.418000, 52:13:31.9590000
2007+249,J2009+25,J2009+2505,20:09:25.107700, 25:05:47.5480000
2010+723,J2009+72,J2009+7229,20:09:52.301500, 72:29:19.3590000
2005-489,J2009-48,J2009-4849,20:09:25.390694,-48:49:53.7205920
2011-067,J2011-06,J2011-0644,20:11:14.215857,-06:44:03.5554960
2008-159,J2011-15,J2011-1546,20:11:15.710922,-15:46:40.2532080
2013+340,J2015+34,J2015+3410,20:15:28.809000, 34:10:39.2900000
2017+74,2017+743,J2017+7440,20:17:13.079284, 74:40:47.9997290
2018+231,J2021+23,J2021+2318,20:21:03.476100, 23:18:35.6720000
2021+614,J2022+61,J2022+6136,20:22:06.681668, 61:36:58.8047030
2023+760,J2022+76,J2022+7611,20:22:35.550400, 76:11:26.4680000
2021+317,J2023+31,J2023+3153,20:23:19.017345, 31:53:02.3056950
2022+542,J2023+54,J2023+5427,20:23:55.833000, 54:27:35.7890000
2022+031,J2025+03,J2025+0316,20:25:09.626900, 03:16:44.4200000
2023+33,2023+335,J2025+3343,20:25:10.842154, 33:43:00.2139330
2029+121,J2031+12,J2031+1219,20:31:54.994270, 12:19:41.3405270
2030+547,J2031+54,J2031+5455,20:31:47.958549, 54:55:03.1407050
2032+107,J2035+10,J2035+1056,20:35:22.330200, 10:56:06.6360000
2031+187,2033+187,J2035+1857,20:35:33.980400, 18:57:05.3510000
2032-350,J2035-34,J2035-3454,20:35:47.809100,-34:54:08.9250000
2037+511,3C418,J2038+5119,20:38:37.034748, 51:19:12.6623900
2037-253,J2040-25,J2040-2507,20:40:08.772867,-25:07:46.6626930
2044-027,J2047-02,J2047-0236,20:47:10.351400,-02:36:22.1520000
2044-168,J2047-16,J2047-1639,20:47:19.660000,-16:39:05.8500000
2046+429,J2048+43,J2048+4310,20:48:19.496000, 43:10:42.0700000
2047+098,J2049+10,J2049+1003,20:49:45.864000, 10:03:14.3580000
2047+039,J2050+04,J2050+0407,20:50:06.238900, 04:07:48.8360000
2048+312,CL4,J2050+3127,20:50:51.131489, 31:27:27.3740080
2051+745,J2051+74,J2051+7441,20:51:33.734509, 74:41:40.4980240
2050+364,J2052+36,J2052+3635,20:52:52.049900, 36:35:35.3090000
2052-474,J2056-47,J2056-4714,20:56:16.359840,-47:14:47.6278690
2055+507,2055+508,J2057+5058,20:57:19.999400, 50:58:16.2210000
2054-377,J2057-37,J2057-3734,20:57:41.604210,-37:34:02.9908900
2059+034,J2101+03,J2101+0341,21:01:38.834187, 03:41:31.3209170
2058-297,J2101-29,J2101-2933,21:01:01.654900,-29:33:27.7490000
2058-425,J2101-42,J2101-4219,21:01:59.114208,-42:19:16.1616170
2100+468,J2102+47,J2102+4702,21:02:17.056467, 47:02:16.2474140
2104+763,J2104+76,J2104+7633,21:04:08.942800, 76:33:01.1290000
2059-786,J2105-78,J2105-7825,21:05:44.961449,-78:25:34.5467190
2105+420,J2107+42,J2107+4214,21:07:01.593000, 42:14:10.1860000
2106-413,J2109-41,J2109-4110,21:09:33.188568,-41:10:20.6051520
2111-259,J2114-25,J2114-2541,21:14:40.040400,-25:41:48.8350000
2110-352,J2114-35,J2114-3502,21:14:03.342500,-35:02:35.6320000
2113+293,J2115+29,J2115+2933,21:15:29.413450, 29:33:38.3667870
2109-811,J2116-80,J2116-8053,21:16:30.845852,-80:53:55.2234920
2115-305,J2118-30,J2118-3019,21:18:10.597551,-30:19:11.6096190
2121+053,J2123+05,J2123+0535,21:23:44.517380, 05:35:22.0932880
2126-158,J2129-15,J2129-1538,21:29:12.175891,-15:38:41.0404400
2126-185,J2129-18,J2129-1821,21:29:21.420900,-18:21:22.9170000
2128+048,J2130+05,J2130+0502,21:30:32.877392, 05:02:17.4719850
2128-123,J2131-12,J2131-1207,21:31:35.261738,-12:07:04.7957760
2128-208,J2131-20,J2131-2036,21:31:01.486600,-20:36:56.3760000
2131-021,J2134-01,J2134-0153,21:34:10.309596,-01:53:17.2384930
2134+00,2134+004,J2136+0041,21:36:38.586323, 00:41:54.2140310
2135-209,J2137-20,J2137-2042,21:37:50.001800,-20:42:31.7510000
2135-248,J2138-24,J2138-2439,21:38:37.180900,-24:39:54.5920000
2136+141,J2139+14,J2139+1423,21:39:01.309271, 14:23:35.9923060
2140-048,J2142-04,J2142-0437,21:42:36.899400,-04:37:43.5890000
2143-156,J2146-15,J2146-1525,21:46:22.979326,-15:25:43.8848800
2144+092,J2147+09,J2147+0929,21:47:10.162964, 09:29:46.6725120
2142-758,J2147-75,J2147-7536,21:47:12.730386,-75:36:13.2252920
2145+067,J2148+06,J2148+0657,21:48:05.458671, 06:57:38.6042710
2146+608,J2148+61,J2148+6107,21:48:16.007000, 61:07:05.8700000
2146-133,J2149-13,J2149-1304,21:49:28.652500,-13:04:25.1610000
2147+145,J2150+14,J2150+1449,21:50:23.601600, 14:49:47.9080000
2149+056,J2151+05,J2151+0552,21:51:37.875492, 05:52:12.9547310
2149+069,J2151+07,J2151+0709,21:51:31.997100, 07:09:26.4650000
2149-30,2149-306,J2151-3027,21:51:55.523991,-30:27:53.6975750
2150+173,J2152+17,J2152+1734,21:52:24.819387, 17:34:37.7949980
2149-287,J2152-28,J2152-2828,21:52:03.735200,-28:28:28.2180000
2146-783,J2152-78,J2152-7807,21:52:03.154432,-78:07:06.6397110
2154+482,J2156+48,J2156+4830,21:56:37.906400, 48:30:27.5900000
2152-699,J2157-69,J2157-6941,21:57:05.980607,-69:41:23.6858840
2155-152,J2158-15,J2158-1501,21:58:06.281886,-15:01:09.3273250
2155-304,J2158-30,J2158-3013,21:58:52.064922,-30:13:32.1155320
2200+420,BLLAC,J2202+4216,22:02:43.291374, 42:16:39.9798430
VR422201,,J2202+4216,22:02:43.291374, 42:16:39.9798430
2201+315,J2203+31,J2203+3145,22:03:14.975781, 31:45:38.2698940
2201+624,J2203+62,J2203+6240,22:03:20.962300, 62:40:34.2710000
2203-188,J2206-18,J2206-1835,22:06:10.415000,-18:35:38.7620000
2204-540,J2207-53,J2207-5346,22:07:43.733288,-53:46:33.8200870
2210+016,J2212+01,J2212+0152,22:12:37.977000, 01:52:51.1510000
2209+236,J2212+23,J2212+2355,22:12:05.966296, 23:55:40.5434530
2210-257,J2213-25,J2213-2529,22:13:02.497950,-25:29:30.0799520
2211-388,J2214-38,J2214-3835,22:14:38.569069,-38:35:45.0047680
2214+350,J2216+35,J2216+3518,22:16:20.011500, 35:18:14.2870000
2215+020,J2217+02,J2217+0220,22:17:48.240700, 02:20:10.7450000
2216-038,J2218-03,J2218-0335,22:18:52.037724,-03:35:36.8791730
2216-281,J2219-27,J2219-2756,22:19:40.942000,-27:56:26.8600000
2223-052,3C446,J2225-0457,22:25:47.259285,-04:57:01.3901730
2227-088,J2229-08,J2229-0832,22:29:40.084324,-08:32:54.4348450
2229+695,J2230+69,J2230+6946,22:30:36.469700, 69:46:28.0768240
2227-399,J2230-39,J2230-3942,22:30:40.278606,-39:42:52.0672650
2229+539,J2231+54,J2231+5409,22:31:19.022000, 54:09:35.9400000
2230+114,CTA102,J2232+1143,22:32:36.408897, 11:43:50.9043010
2232-488,J2235-48,J2235-4835,22:35:13.236585,-48:35:58.7940940
2234+282,J2236+28,J2236+2828,22:36:22.470860, 28:28:57.4133340
2233-148,J2236-14,J2236-1433,22:36:34.087116,-14:33:22.1887070
2239+096,J2241+09,J2241+0953,22:41:49.717300, 09:53:52.4380000
2240-260,J2243-25,J2243-2544,22:43:26.364700,-25:44:26.9970000
2243-123,J2246-12,J2246-1206,22:46:18.231964,-12:06:51.2772900
2245-328,J2248-32,J2248-3235,22:48:38.685741,-32:35:52.1871990
2247+140,J2250+14,J2250+1419,22:50:25.540000, 14:19:50.6000000
2248+712,J2250+71,J2250+7129,22:50:32.587000, 71:29:19.0600000
2249+185,J2251+18,J2251+1848,22:51:34.738600, 18:48:40.1450000
2251+158,3C454.3,J2253+1608,22:53:57.747900, 16:08:53.5630000
2251+244,J2254+24,J2254+2445,22:54:09.000000, 24:45:19.0000000
2252+129,J2255+13,J2255+1313,22:55:03.729000, 13:13:33.0100000
2253+417,J2255+42,J2255+4202,22:55:36.707836, 42:02:52.5325240
2252-089,2252-090,J2255-0844,22:55:04.239797,-08:44:04.0213270
2254+024,J2257+02,J2257+0243,22:57:17.563080, 02:43:17.5121330
2254+074,J2257+07,J2257+0743,22:57:17.303106, 07:43:12.3030770
2255-282,J2258-27,J2258-2758,22:58:05.962887,-27:58:21.2560690
2259-375,J2302-37,J2302-3718,23:02:23.888868,-37:18:06.8388290
2300-307,J2303-30,J2303-3030,23:03:05.821080,-30:30:11.4699870
2305-418,J2307-41,J2307-4132,23:07:54.335800,-41:32:42.8120000
2309+090,J2312+09,J2312+0919,23:12:28.121000, 09:19:29.4830000
2312-319,J2314-31,J2314-3138,23:14:48.500626,-31:38:39.5271570
2311-452,J2314-44,J2314-4455,23:14:09.382840,-44:55:49.2363090
2314+038,J2316+04,J2316+0405,23:16:35.209800, 04:05:18.1480000
2318+049,J2320+05,J2320+0513,23:20:44.856606, 05:13:49.9528200
2319+272,J2321+27,J2321+2732,23:21:59.862225, 27:32:46.4437100
2318-166,J2321-16,J2321-1623,23:21:01.958900,-16:23:05.1870000
2320+506,J2322+50,J2322+5057,23:22:25.982147, 50:57:51.9638750
2320-035,J2323-03,J2323-0317,23:23:31.953743,-03:17:05.0231530
2323+435,J2325+43,J2325+4346,23:25:42.126000, 43:46:58.2300000
2322-123,J2325-12,J2325-1207,23:25:19.773000,-12:07:27.0910000
2323-407,J2326-40,J2326-4027,23:26:34.140900,-40:27:15.1590000
2325-150,J2327-14,J2327-1447,23:27:47.964222,-14:47:55.7493020
2326-477,J2329-47,J2329-4730,23:29:17.704372,-47:30:19.1147020
2328+107,J2330+11,J2330+1100,23:30:40.852234, 11:00:18.7099990
2329-162,J2331-15,J2331-1556,23:31:38.652431,-15:56:57.0082470
2329-384,J2331-38,J2331-3811,23:31:59.476135,-38:11:47.6499210
2331-240,J2333-23,J2333-2343,23:33:55.237835,-23:43:40.6576730
2333-528,J2336-52,J2336-5236,23:36:12.144590,-52:36:21.9504070
2335-027,J2337-02,J2337-0230,23:37:57.339066,-02:30:57.6286540
2337-334,J2339-33,J2339-3310,23:39:54.539800,-33:10:16.8330000
2338+132,J2340+13,J2340+1333,23:40:33.225000, 13:33:00.9100000
2337+264,J2340+26,J2340+2641,23:40:29.029375, 26:41:56.8036500
2339-353,J2341-35,J2341-3506,23:41:45.891000,-35:06:22.1300000
2341+535,J2343+53,J2343+5348,23:43:48.397300, 53:48:40.7910000
2343+656,2343+657,J2345+6557,23:45:34.021800, 65:57:18.4130000
2344+09,2344+092,J2346+0930,23:46:36.838551, 09:30:45.5153240
2345-167,J2348-16,J2348-1631,23:48:02.608524,-16:31:12.0215510
2348+643,J2350+64,J2350+6440,23:50:54.917600, 64:40:17.8300000
2351+456,J2354+45,J2354+4553,23:54:21.680262, 45:53:04.2366660
2351-154,J2354-15,J2354-1513,23:54:30.195185,-15:13:11.2123110
2352+495,J2355+49,J2355+4950,23:55:09.458127, 49:50:08.3402610
2353-686,J2356-68,J2356-6820,23:56:00.681588,-68:20:03.4713900
2354-117,J2357-11,J2357-1125,23:57:31.205800,-11:25:39.3090000
2355-534,J2357-53,J2357-5311,23:57:53.266125,-53:11:13.6890750
2355-106,J2358-10,J2358-1020,23:58:10.882409,-10:20:08.6108470
2357+385,J2359+38,J2359+3851,23:59:34.277000, 38:51:17.9200000
